-- MySQL dump 10.13  Distrib 5.5.62, for Win64 (AMD64)
--
-- Host: localhost    Database: controldocumentos
-- ------------------------------------------------------
-- Server version	5.5.5-10.4.13-MariaDB

/*!40101 SET @OLD_CHARACTER_SET_CLIENT=@@CHARACTER_SET_CLIENT */;
/*!40101 SET @OLD_CHARACTER_SET_RESULTS=@@CHARACTER_SET_RESULTS */;
/*!40101 SET @OLD_COLLATION_CONNECTION=@@COLLATION_CONNECTION */;
/*!40101 SET NAMES utf8 */;
/*!40103 SET @OLD_TIME_ZONE=@@TIME_ZONE */;
/*!40103 SET TIME_ZONE='+00:00' */;
/*!40014 SET @OLD_UNIQUE_CHECKS=@@UNIQUE_CHECKS, UNIQUE_CHECKS=0 */;
/*!40014 SET @OLD_FOREIGN_KEY_CHECKS=@@FOREIGN_KEY_CHECKS, FOREIGN_KEY_CHECKS=0 */;
/*!40101 SET @OLD_SQL_MODE=@@SQL_MODE, SQL_MODE='NO_AUTO_VALUE_ON_ZERO' */;
/*!40111 SET @OLD_SQL_NOTES=@@SQL_NOTES, SQL_NOTES=0 */;

--
-- Table structure for table `persona`
--

DROP TABLE IF EXISTS `persona`;
/*!40101 SET @saved_cs_client     = @@character_set_client */;
/*!40101 SET character_set_client = utf8 */;
CREATE TABLE `persona` (
  `id` int(11) NOT NULL AUTO_INCREMENT,
  `dni` int(8) unsigned NOT NULL,
  `cui` int(8) unsigned DEFAULT NULL,
  `nombre` varchar(30) NOT NULL,
  `apellidos` varchar(30) NOT NULL,
  `cargo` varchar(30) NOT NULL,
  `correo` varchar(50) NOT NULL,
  `celular` int(9) unsigned DEFAULT NULL,
  PRIMARY KEY (`id`),
  UNIQUE KEY `dni` (`dni`)
) ENGINE=InnoDB AUTO_INCREMENT=1001 DEFAULT CHARSET=utf8mb4;
/*!40101 SET character_set_client = @saved_cs_client */;

--
-- Dumping data for table `persona`
--

LOCK TABLES `persona` WRITE;
/*!40000 ALTER TABLE `persona` DISABLE KEYS */;
INSERT INTO `persona` VALUES (1,70748824,20180757,'Shyndell','Rodríguez Moreno','estudiante','jrodriguezmo@outlook.com',983505757),(2,74405190,20180758,'Dolores','Rodríguez Ferrer','estudiante','drodriguezfe@unsa.edu.pe',901785811),(3,70122239,20180759,'María Carmen','Cabanillas Castro','profesora','mcabanillasca@unsa.edu.pe',922875905),(4,72962079,20180760,'Jorge','Villegas Cabrera','estudiante','jvillegasca@outlook.com',964496127),(5,74307068,20180761,'Francisco José','Pérez Pérez','egresado','fperezpe@gmail.com',923263316),(6,73980779,20180762,'Francisco','Fernández Amaya','estudiante','ffernandezam@hotmail.com',939607406),(7,73769863,20180763,'Miguel','Martínez Navarro','estudiante','mmartinezna@hotmail.com',923707063),(8,70748035,20180764,'María José','Jaramillo García','egresado','mjaramilloga@unsa.edu.pe',984005401),(9,72992653,20180765,'Rosa María','Nava Macías','egresado','rnavama@gmail.com',946459272),(10,74525435,20180766,'Manuel','Mendoza Gil','egresado','mmendozagi@gmail.com',970651764),(11,73959622,20180767,'Rosario','Diez López','estudiante','rdiezlo@hotmail.com',924544627),(12,74339017,20180768,'Encarnación','Moreno Fernández','estudiante','emorenofe@unsa.edu.pe',924124979),(13,73012534,20180769,'María Dolores','Ruiz Iglesias','estudiante','mruizig@outlook.com',987922186),(14,73163842,20180770,'José María','Aguiar De las Heras','estudiante','jaguiarde@hotmail.com',917589748),(15,70452409,20180771,'Ángel','Alegre Alonso','egresado','aalegreal@gmail.com',968035312),(16,73066220,20180772,'Josefa','Franco David','egresado','jfrancoda@outlook.com',912734440),(17,71986441,20180773,'Francisca','Ruiz Pérez','estudiante','fruizpe@hotmail.com',964142413),(18,72295450,20180774,'Cristina','Pérez Romero','egresado','cperezro@outlook.com',983086973),(19,72200516,20180775,'Francisco','Cuevas Márquez','profesor','fcuevasma@gmail.com',991475331),(20,72569185,20180776,'Francisca','Calvo Carro','estudiante','fcalvoca@gmail.com',961500522),(21,71495038,20180777,'Tomas','Vázquez Heredia','egresado','tvazquezhe@outlook.com',966853257),(22,72530249,20180778,'Juan José','Morales Garzón','estudiante','jmoralesga@outlook.com',961314687),(23,71084909,20180779,'Javier','González Jiménez','estudiante','jgonzalezji@outlook.com',992937235),(24,72533766,20180780,'Juan','Romeu Moral','estudiante','jromeumo@outlook.com',990020323),(25,71595176,20180781,'María Carmen','Zapata Monfort','egresado','mzapatamo@gmail.com',966919122),(26,70446514,20180782,'Daniel','Alonso Rodríguez','egresado','dalonsoro@gmail.com',928604016),(27,71590445,20180783,'Fernando','Vives Ruiz','egresado','fvivesru@hotmail.com',965847441),(28,70007552,20180784,'Alberto','Mateo León','estudiante','amateole@hotmail.com',987560565),(29,72314842,20180785,'José María','Latorre Madrid','estudiante','jlatorrema@unsa.edu.pe',909830492),(30,72033652,20180786,'José Luis','Valencia Peláez','estudiante','jvalenciape@gmail.com',937399721),(31,74973482,20180787,'Carmen','Marín Macías','egresado','cmarinma@unsa.edu.pe',995259595),(32,73240278,20180788,'María Dolores','Torres Viñas','estudiante','mtorresvi@outlook.com',917297621),(33,73816249,20180789,'José Luis','Del Pino García','estudiante','jdel pinoga@outlook.com',945685835),(34,71029622,20180790,'Francisco','Requena García','egresado','frequenaga@gmail.com',946458984),(35,72089792,20180791,'Ángel','Rey Romero','estudiante','areyro@gmail.com',972036581),(36,74233490,20180792,'Antonio','Martin Hernández','estudiante','amartinhe@hotmail.com',918652336),(37,71855148,20180793,'María Carmen','Vives Martínez','estudiante','mvivesma@hotmail.com',978348670),(38,70537588,20180794,'María','Morales González','estudiante','mmoralesgo@outlook.com',955471264),(39,73618997,20180795,'Javier','Belda Rey','estudiante','jbeldare@unsa.edu.pe',927090119),(40,70115785,20180796,'Sandra','Laso Selles','estudiante','slasose@unsa.edu.pe',976819299),(41,72663006,20180797,'Patricia','Callejas Tapia','estudiante','pcallejasta@unsa.edu.pe',979461468),(42,74901404,20180798,'María Carmen','Álvarez Rodríguez','estudiante','malvarezro@unsa.edu.pe',916572771),(43,73584373,20180799,'Francisca','Canto Alonso','egresado','fcantoal@unsa.edu.pe',945650219),(44,71802682,20180800,'Jorge','Orellana Lázaro','estudiante','jorellanala@unsa.edu.pe',976374855),(45,74121036,20180801,'Mercedes','Gómez Godino','estudiante','mgomezgo@outlook.com',953844431),(46,73904644,20180802,'Óscar','Arenas Sánchez','estudiante','oarenassa@unsa.edu.pe',917254531),(47,72824838,20180803,'Teresa','Iglesias Cabrera','estudiante','tiglesiasca@unsa.edu.pe',933891994),(48,71421247,20180804,'Mercedes','Mora Mesa','egresado','mmorame@gmail.com',942189478),(49,74584779,20180805,'José Antonio','Jiménez Galiano','egresado','jjimenezga@gmail.com',989867075),(50,72157018,20180806,'Ana María','Rodríguez García','egresado','arodriguezga@outlook.com',953253444),(51,72188080,20180807,'Inmaculada','De Haro Hernando','estudiante','ide harohe@unsa.edu.pe',923751336),(52,73366867,20180808,'Encarnación','Albero Sánchez','egresado','ealberosa@unsa.edu.pe',942971627),(53,74712551,20180809,'Javier','Moreno Olea','egresado','jmorenool@gmail.com',991368190),(54,70726553,20180810,'José','Navarro Fernández','estudiante','jnavarrofe@unsa.edu.pe',904973783),(55,73830058,20180811,'María Carmen','Roncero Muñoz','profesor','mronceromu@hotmail.com',973635210),(56,72876763,20180812,'Jorge','Dávila Pareja','estudiante','jdavilapa@gmail.com',912755354),(57,70143314,20180813,'Ana María','González Núñez','estudiante','agonzaleznu@unsa.edu.pe',995469874),(58,73575829,20180814,'Camilo','Navas Anguita','estudiante','cnavasan@gmail.com',968687375),(59,70817478,20180815,'María','Martin Zarco','estudiante','mmartinza@hotmail.com',903061642),(60,72164897,20180816,'Joaquín','Pérez Bauza','egresado','jperezba@outlook.com',956086467),(61,74088413,20180817,'Santiago','Cardoso Gil','estudiante','scardosogi@gmail.com',924998285),(62,72707130,20180818,'Juan Carlos','Martínez Menacho','estudiante','jmartinezme@hotmail.com',997103962),(63,74463069,20180819,'María Carmen','Vázquez Ortega','egresado','mvazquezor@gmail.com',934543036),(64,73797504,20180820,'Francisco','Ordoñez López','estudiante','fordonezlo@unsa.edu.pe',945413513),(65,74481065,20180821,'Francisca','Cid Andrade','estudiante','fcidan@gmail.com',987182698),(66,72305749,20180822,'Alfonso','Montañés Burgos','egresado','amontanesbu@hotmail.com',950766174),(67,72088301,20180823,'José Ignacio','Navarro García','egresado','jnavarroga@outlook.com',941659813),(68,73211296,20180824,'Diego','Singh Sierra','estudiante','dsinghsi@gmail.com',979626266),(69,71794722,20180825,'Antonio','Royo Portero','egresado','aroyopo@gmail.com',997800800),(70,71242608,20180826,'Fernando','Alonso Mena','estudiante','falonsome@unsa.edu.pe',942457443),(71,72246016,20180827,'José Luis','Diez Rincón','estudiante','jdiezri@outlook.com',922484107),(72,72064920,20180828,'María Luisa','Coll Cerro','egresado','mcollce@unsa.edu.pe',949244348),(73,74318435,20180829,'María','Nogueira López','estudiante','mnogueiralo@gmail.com',928003739),(74,72375589,20180830,'Carmen','Martin Nieto','egresado','cmartinni@unsa.edu.pe',958831123),(75,72564964,20180831,'Antonio','Gutiérrez De la Cruz','estudiante','agutierrezde@gmail.com',949228294),(76,72921141,20180832,'Antonia','González Flores','estudiante','agonzalezfl@hotmail.com',909444724),(77,70947927,20180833,'Manuel','Bautista Pérez','estudiante','mbautistape@outlook.com',929758914),(78,73965242,20180834,'Sandra','Torres Gil','egresado','storresgi@unsa.edu.pe',992523492),(79,73194485,20180835,'Juan José','González García','estudiante','jgonzalezga@outlook.com',977292957),(80,73869888,20180836,'Nuria','Manzano Almeida','estudiante','nmanzanoal@outlook.com',946310516),(81,72208401,20180837,'Esther','Lara Sánchez','estudiante','elarasa@outlook.com',913268624),(82,70618839,20180838,'José','Núñez Calleja','egresado','jnunezca@hotmail.com',976302281),(83,72288898,20180839,'Alberto','Expósito Fernández','estudiante','aexpositofe@unsa.edu.pe',949065023),(84,74977451,20180840,'Ángel','Cueva Blanco','egresado','acuevabl@unsa.edu.pe',987941639),(85,73422226,20180841,'Antonia','Guerra Pulido','egresado','aguerrapu@unsa.edu.pe',971813900),(86,74266238,20180842,'Jesús','Medina Rodríguez','estudiante','jmedinaro@hotmail.com',927793610),(87,70333668,20180843,'Mercedes','Nadal Roca','estudiante','mnadalro@hotmail.com',955306784),(88,73267155,20180844,'Elena','Herrero Delgado','estudiante','eherrerode@hotmail.com',989183118),(89,71385261,20180845,'José','Romero Méndez','egresado','jromerome@outlook.com',967630094),(90,73066378,20180846,'Iván','López Vázquez','estudiante','ilopezva@unsa.edu.pe',990706357),(91,73075014,20180847,'José','Hueso Núñez','egresado','jhuesonu@outlook.com',944095142),(92,74625815,20180848,'Juan Antonio','Gutiérrez Miranda','estudiante','jgutierrezmi@hotmail.com',918084735),(93,72206495,20180849,'María Carmen','Arias Martínez','egresado','mariasma@hotmail.com',945446449),(94,73380945,20180850,'María Dolores','Díaz Moreno','estudiante','mdiazmo@gmail.com',929711746),(95,73797920,20180851,'María Carmen','Matos Uribe','egresado','mmatosur@unsa.edu.pe',936945931),(96,72076555,20180852,'Jaume','Nieto Mateos','estudiante','jnietoma@gmail.com',929624163),(97,71714692,20180853,'Jorge','García Verdugo','estudiante','jgarciave@hotmail.com',954061064),(98,71703284,20180854,'Miguel','Casado Ramírez','egresado','mcasadora@gmail.com',920461392),(99,74347006,20180855,'Pedro','Salgado Bolívar','estudiante','psalgadobo@gmail.com',985073688),(100,72717301,20180856,'Ángel','López Martínez','egresado','alopezma@gmail.com',912989974),(101,73054963,20180857,'José','Rodríguez Diez','estudiante','jrodriguezdi@gmail.com',922768506),(102,73164863,20180858,'Yolanda','Company Mesa','estudiante','ycompanyme@unsa.edu.pe',992831834),(103,72152973,20180859,'Marta','Escribano Rodríguez','estudiante','mescribanoro@hotmail.com',921455484),(104,72905499,20180860,'Carlos','Núñez Ruiz','estudiante','cnunezru@gmail.com',973433289),(105,72943702,20180861,'Emilio','Gisbert Contreras','egresado','egisbertco@gmail.com',981793021),(106,73420843,20180862,'José','Casas Yáñez','estudiante','jcasasya@gmail.com',972460533),(107,73994727,20180863,'Rocío','López Álvarez','egresado','rlopezal@unsa.edu.pe',919903167),(108,74152925,20180864,'Francisco','Cano Gómez','estudiante','fcanogo@gmail.com',987907973),(109,73506945,20180865,'Juan','Gil Seijo','estudiante','jgilse@gmail.com',963773215),(110,73511496,20180866,'Daniel','Rivera Díaz','estudiante','driveradi@outlook.com',947369620),(111,70229045,20180867,'Juan','Sandoval Monje','estudiante','jsandovalmo@unsa.edu.pe',917697323),(112,72710859,20180868,'Inmaculada','Mohamed Romero','estudiante','imohamedro@outlook.com',915944614),(113,71495646,20180869,'Jesús','González Fuentes','estudiante','jgonzalezfu@outlook.com',977193473),(114,73981785,20180870,'Francisco','Rosa Espinosa','egresado','frosaes@hotmail.com',991200567),(115,70764237,20180871,'Encarnación','Rodríguez García','estudiante','erodriguezga@unsa.edu.pe',942585878),(116,74089247,20180872,'Teresa','Núñez Serrano','egresado','tnunezse@gmail.com',972001721),(117,71405555,20180873,'María Carmen','Garrido Hernández','estudiante','mgarridohe@outlook.com',981737404),(118,71995126,20180874,'Elena','Singh López','estudiante','esinghlo@outlook.com',944786872),(119,71480504,20180875,'María Dolores','Teixeira Ramírez','estudiante','mteixeirara@outlook.com',968396834),(120,74552186,20180876,'José','Martínez Del Olmo','estudiante','jmartinezde@outlook.com',977627776),(121,70265415,20180877,'María Teresa','Rodríguez Grau','estudiante','mrodriguezgr@unsa.edu.pe',980353213),(122,73535319,20180878,'María Ángeles','Simón Crespo','estudiante','msimoncr@outlook.com',926306527),(123,73063485,20180879,'José','Ripoll Gálvez','egresado','jripollga@hotmail.com',975537198),(124,73135883,20180880,'Emilio','Calvo Roldan','estudiante','ecalvoro@unsa.edu.pe',955870920),(125,72260073,20180881,'Juan José','Folch López','egresado','jfolchlo@gmail.com',903483854),(126,72029338,20180882,'Juan Manuel','Pérez Pozo','estudiante','jperezpo@gmail.com',953056679),(127,74797973,20180883,'Patricia','González Ortega','estudiante','pgonzalezor@unsa.edu.pe',935956205),(128,70126169,20180884,'Juan','Montero Costa','egresado','jmonteroco@unsa.edu.pe',928415828),(129,72235930,20180885,'José Luis','Martin Ventura','egresado','jmartinve@hotmail.com',982967314),(130,73069761,20180886,'Francisca','Fajardo Rodríguez','estudiante','ffajardoro@outlook.com',944662809),(131,71998064,20180887,'Álvaro','Jiménez González','estudiante','ajimenezgo@hotmail.com',911315024),(132,74814890,20180888,'Álvaro','Hidalgo González','profesor','ahidalgogo@gmail.com',992459001),(133,73968976,20180889,'Carlos','González Muñoz','estudiante','cgonzalezmu@hotmail.com',903384482),(134,71316403,20180890,'Rosa María','Arnal Trujillo','estudiante','rarnaltr@unsa.edu.pe',953645502),(135,74068172,20180891,'Josefa','Oliver Sánchez','estudiante','joliversa@hotmail.com',907812520),(136,72996851,20180892,'Josefa','Torralbo Martí','estudiante','jtorralboma@unsa.edu.pe',932364038),(137,72389578,20180893,'María Isabel','Jurado Fábregas','estudiante','mjuradofa@gmail.com',923098897),(138,74906973,20180894,'Paula','Arias Muñoz','estudiante','pariasmu@unsa.edu.pe',912032301),(139,70093220,20180895,'Jorge','Serrano Isla','estudiante','jserranois@hotmail.com',909628460),(140,73132688,20180896,'Manuel','Gómez Curto','egresado','mgomezcu@outlook.com',923425692),(141,74074751,20180897,'Ángel','Morales Soler','estudiante','amoralesso@gmail.com',923318107),(142,73933601,20180898,'Manuel','Monreal Magdaleno','egresado','mmonrealma@hotmail.com',911913485),(143,71312566,20180899,'Diego','González Escudero','estudiante','dgonzalezes@gmail.com',994758530),(144,70933025,20180900,'Manuel','Arias Ortega','estudiante','mariasor@gmail.com',955498151),(145,73982837,20180901,'Antonia','Madrid Sánchez','estudiante','amadridsa@outlook.com',983859999),(146,73051061,20180902,'Pedro','Cabrera Lara','estudiante','pcabrerala@hotmail.com',988011343),(147,73899129,20180903,'Antonio','Núñez Martínez','estudiante','anunezma@unsa.edu.pe',993668269),(148,73744403,20180904,'Iván','Sánchez Santos','estudiante','isanchezsa@hotmail.com',934079815),(149,72077415,20180905,'Patricia','Salazar García','estudiante','psalazarga@unsa.edu.pe',990564971),(150,70512694,20180906,'Jesús','Galán Martínez','estudiante','jgalanma@outlook.com',925288509),(151,70124444,20180907,'Ricardo','Mena Gómez','estudiante','rmenago@unsa.edu.pe',907711361),(152,70712563,20180908,'María Isabel','Morales Velasco','estudiante','mmoralesve@hotmail.com',920768747),(153,71241153,20180909,'Francisco','Alcántara Pons','estudiante','falcantarapo@hotmail.com',901131236),(154,71973995,20180910,'Ignacio','Blanco Leiva','estudiante','iblancole@hotmail.com',909199455),(155,71228683,20180911,'Miguel Ángel','Recio Fernández','estudiante','mreciofe@gmail.com',957860526),(156,74615872,20180912,'Francisco','Sánchez Guerrero','estudiante','fsanchezgu@hotmail.com',959989596),(157,71589065,20180913,'Juan','Lima Arenas','egresado','jlimaar@unsa.edu.pe',930658763),(158,71231149,20180914,'Carmen María','Castello Araujo','estudiante','ccastelloar@gmail.com',927082356),(159,74687477,20180915,'María Pilar','Recio Rodríguez','egresado','mrecioro@hotmail.com',900853343),(160,70560744,20180916,'María Pilar','Rubio García','egresado','mrubioga@unsa.edu.pe',960264086),(161,71064932,20180917,'María Luisa','Vázquez Rubio','egresado','mvazquezru@unsa.edu.pe',952687481),(162,72127189,20180918,'María Antonia','Pérez Millán','estudiante','mperezmi@unsa.edu.pe',945974771),(163,73911725,20180919,'Raquel','Gómez Fernández','estudiante','rgomezfe@hotmail.com',977963579),(164,74490170,20180920,'Sara','Hermida Moreno','estudiante','shermidamo@unsa.edu.pe',986522898),(165,74998384,20180921,'José','Pérez Molina','estudiante','jperezmo@hotmail.com',927443724),(166,71346039,20180922,'María Rosa','Casillas Aranguren','estudiante','mcasillasar@unsa.edu.pe',929579658),(167,73016917,20180923,'Ángel','Gimeno Villarroel','estudiante','agimenovi@gmail.com',943962270),(168,71628852,20180924,'Iván','Morales González','estudiante','imoralesgo@unsa.edu.pe',991759926),(169,72248938,20180925,'Mercedes','Marcos Bermúdez','estudiante','mmarcosbe@outlook.com',946579044),(170,70383820,20180926,'Francisco','Castro Amador','estudiante','fcastroam@outlook.com',995052102),(171,74108957,20180927,'Ana','Suarez Campaña','egresado','asuarezca@unsa.edu.pe',968616852),(172,72815873,20180928,'Alberto','Villena Coronel','estudiante','avillenaco@unsa.edu.pe',908643830),(173,74072876,20180929,'Raquel','Pérez Fidalgo','profesor','rperezfi@gmail.com',956311598),(174,70715064,20180930,'Álvaro','García Gómez','estudiante','agarciago@outlook.com',967649536),(175,71487627,20180931,'Ramón','Trujillo Rodenas','estudiante','rtrujilloro@gmail.com',931070651),(176,71369872,20180932,'Rosa María','Baños García','estudiante','rbanosga@gmail.com',934029660),(177,70536700,20180933,'María José','Jiménez Rodríguez','estudiante','mjimenezro@gmail.com',930051054),(178,72292759,20180934,'María Isabel','Guzmán Arribas','estudiante','mguzmanar@hotmail.com',954795636),(179,71767100,20180935,'María','Lorenzo Haro','egresado','mlorenzoha@hotmail.com',936070052),(180,73313267,20180936,'Alicia','Rial Montero','egresado','arialmo@hotmail.com',957645267),(181,73602506,20180937,'Ana María','Zamora Muñoz','egresado','azamoramu@unsa.edu.pe',928502588),(182,73461990,20180938,'María','Gallego López','estudiante','mgallegolo@hotmail.com',954168138),(183,72003910,20180939,'Encarnación','Pérez Gavilán','egresado','eperezga@unsa.edu.pe',911731168),(184,71599171,20180940,'Paloma','Miralles Herrera','estudiante','pmiralleshe@hotmail.com',940094429),(185,72944750,20180941,'Ángel','Bustamante Román','estudiante','abustamantero@outlook.com',968279750),(186,73693942,20180942,'María','Somoza Álvarez','estudiante','msomozaal@outlook.com',947649002),(187,71491512,20180943,'María José','Sánchez Gallego','estudiante','msanchezga@hotmail.com',913034464),(188,72048377,20180944,'Andrés','García Peláez','egresado','agarciape@gmail.com',963038150),(189,71114177,20180945,'Laura','León Ruiz','estudiante','lleonru@hotmail.com',972947510),(190,71024327,20180946,'María Mar','López Aragón','estudiante','mlopezar@gmail.com',951304846),(191,73502866,20180947,'David','Ortuño Serrano','egresado','dortunose@gmail.com',939054517),(192,71338090,20180948,'Antonia','Del Castillo Rodríguez','estudiante','adel castilloro@gmail.com',985989504),(193,71089833,20180949,'Álvaro','González García','estudiante','agonzalezga@outlook.com',918551967),(194,74743300,20180950,'Antonio','González Fernández','estudiante','agonzalezfe@unsa.edu.pe',990148529),(195,72741702,20180951,'Rafael','López Rodríguez','egresado','rlopezro@gmail.com',988053346),(196,70697912,20180952,'María José','Medina Cabrera','egresado','mmedinaca@gmail.com',977137764),(197,71804708,20180953,'Alejandro','Marín González','estudiante','amaringo@hotmail.com',923494913),(198,73863985,20180954,'Francisca','Gálvez Blasco','estudiante','fgalvezbl@unsa.edu.pe',960597088),(199,70636006,20180955,'Elena','Ávila Gil','egresado','eavilagi@outlook.com',909414462),(200,74670028,20180956,'María Jesús','Alonso Robles','egresado','malonsoro@outlook.com',980620207),(201,74907062,20180957,'Rocío','Prieto Ponce','estudiante','rprietopo@hotmail.com',916020098),(202,74456299,20180958,'Sandra','Gómez Ramírez','estudiante','sgomezra@hotmail.com',953029737),(203,73706999,20180959,'María Isabel','López López','estudiante','mlopezlo@gmail.com',984283400),(204,73566431,20180960,'Miguel','Núñez Valle','egresado','mnunezva@outlook.com',952072619),(205,71143237,20180961,'Margarita','Madariaga Hernández','egresado','mmadariagahe@hotmail.com',937723991),(206,70610197,20180962,'Carles','González Ramírez','estudiante','cgonzalezra@outlook.com',979409944),(207,73068200,20180963,'Ana','Fernández García','estudiante','afernandezga@outlook.com',937364814),(208,71756932,20180964,'Ángel','Dolz Prieto','estudiante','adolzpr@unsa.edu.pe',963711493),(209,71562510,20180965,'Lucia','Gutiérrez Nicolás','estudiante','lgutierrezni@unsa.edu.pe',906474871),(210,73965691,20180966,'María Ángeles','Álvarez Sánchez','egresado','malvarezsa@unsa.edu.pe',934162743),(211,74583140,20180967,'Jorge','Recuero Martin','estudiante','jrecueroma@outlook.com',979808154),(212,72228276,20180968,'Sara','Soriano Carrasco','estudiante','ssorianoca@hotmail.com',995304191),(213,70727114,20180969,'Jorge','Baz Fernández','estudiante','jbazfe@unsa.edu.pe',939124658),(214,74080119,20180970,'Francisca','Expósito Perales','estudiante','fexpositope@hotmail.com',936398321),(215,73631038,20180971,'David','Díaz Contreras','estudiante','ddiazco@unsa.edu.pe',921218145),(216,70694792,20180972,'Óscar','Rosas Del Barrio','estudiante','orosasde@outlook.com',904611199),(217,73519072,20180973,'Isabel','Matei Aroca','estudiante','imateiar@gmail.com',910275381),(218,74754271,20180974,'María Ángeles','Pérez Martínez','estudiante','mperezma@gmail.com',975726076),(219,71219185,20180975,'Alejandro','Valero Radu','estudiante','avalerora@gmail.com',964834608),(220,71153724,20180976,'Daniel','Ferrer Martínez','egresado','dferrerma@outlook.com',992272213),(221,72757267,20180977,'Pedro','López Montaña','estudiante','plopezmo@outlook.com',921515327),(222,70430274,20180978,'Ana','Martin León','estudiante','amartinle@unsa.edu.pe',954198335),(223,72160956,20180979,'María','Sánchez Serrano','estudiante','msanchezse@unsa.edu.pe',909361356),(224,71705362,20180980,'Ana','García Blasco','egresado','agarciabl@outlook.com',915514754),(225,70646777,20180981,'David','Prieto García','egresado','dprietoga@gmail.com',949778807),(226,74498220,20180982,'Roberto','Osuna Mejías','estudiante','rosuname@hotmail.com',976753624),(227,71095311,20180983,'Pedro','Obregón Galán','estudiante','pobregonga@unsa.edu.pe',917522548),(228,71805988,20180984,'Manuel','Peña García','profesor','mpenaga@gmail.com',943475859),(229,73708764,20180985,'Gonzalo','Castillo Osuna','estudiante','gcastilloos@gmail.com',937084996),(230,72745534,20180986,'Alejandro','De los Reyes Castellanos','egresado','ade los reyesca@unsa.edu.pe',963442175),(231,74922336,20180987,'María Pilar','Seco Cubero','estudiante','msecocu@gmail.com',952061017),(232,71755250,20180988,'Fernando','Pastor Ruz','estudiante','fpastorru@hotmail.com',958505450),(233,74930038,20180989,'Manuel','Moreno Díaz','estudiante','mmorenodi@hotmail.com',994543591),(234,72370112,20180990,'Antonio','Sánchez González','egresado','asanchezgo@gmail.com',998147200),(235,71826583,20180991,'Ana','Sosa Castaño','estudiante','asosaca@unsa.edu.pe',916387510),(236,74261920,20180992,'María Carmen','Martin Rama','estudiante','mmartinra@hotmail.com',976141184),(237,70248241,20180993,'María','Soriano García','estudiante','msorianoga@gmail.com',931524492),(238,74155988,20180994,'José Manuel','Herrera Segui','estudiante','jherrerase@hotmail.com',912584077),(239,72087692,20180995,'Francisco','García Martin','estudiante','fgarciama@outlook.com',955815197),(240,74232489,20180996,'Diego','Lorenzo García','estudiante','dlorenzoga@gmail.com',995181943),(241,74748821,20180997,'Isabel','Tinoco Rovira','estudiante','itinocoro@gmail.com',930995355),(242,71834140,20180998,'Miguel Ángel','Palomar Martínez','estudiante','mpalomarma@outlook.com',969483403),(243,72157597,20180999,'Francisco','Rojo Pérez','estudiante','frojope@outlook.com',977343403),(244,73038234,20181000,'Lucia','Rodríguez Rodríguez','egresado','lrodriguezro@hotmail.com',942773904),(245,73425666,20181001,'Rosa','Carreño Rodríguez','estudiante','rcarrenoro@unsa.edu.pe',950298241),(246,72997147,20181002,'Ángel','Expósito Castejón','estudiante','aexpositoca@unsa.edu.pe',946503664),(247,72018127,20181003,'Manuel','Ortiz Armenteros','estudiante','mortizar@gmail.com',905378905),(248,74309965,20181004,'María Mar','Oliva De los Reyes','estudiante','molivade@hotmail.com',944794506),(249,74233194,20181005,'Adrián','Luis Rojo','estudiante','aluisro@unsa.edu.pe',942032890),(250,74041484,20181006,'Rubén','Gil Herrero','estudiante','rgilhe@unsa.edu.pe',937221298),(251,70466261,20181007,'Josefa','Vega Fernández','estudiante','jvegafe@outlook.com',983296125),(252,70385983,20181008,'Antonia','Pérez Moreno','egresado','aperezmo@gmail.com',941310870),(253,73887770,20181009,'David','Marín Castillo','estudiante','dmarinca@hotmail.com',917695598),(254,70139018,20181010,'Carmen','Pérez Blasco','egresado','cperezbl@outlook.com',961423148),(255,74916988,20181011,'Jorge','Camacho Álvarez','estudiante','jcamachoal@hotmail.com',974283655),(256,74196253,20181012,'Carmen','Carrasco Pinto','egresado','ccarrascopi@unsa.edu.pe',937318805),(257,73839122,20181013,'Francisco','Martínez García','estudiante','fmartinezga@hotmail.com',987391351),(258,71103120,20181014,'José Manuel','Sánchez Seco','estudiante','jsanchezse@hotmail.com',988136913),(259,70228990,20181015,'David','Piñero Fuentes','estudiante','dpinerofu@outlook.com',932973604),(260,71113464,20181016,'Iván','Saiz González','estudiante','isaizgo@hotmail.com',929353611),(261,71225937,20181017,'María Isabel','Lara Wang','estudiante','mlarawa@outlook.com',947201063),(262,74748190,20181018,'Inmaculada','Acosta Polo','estudiante','iacostapo@outlook.com',916680084),(263,70889111,20181019,'Xabier','Malo Padilla','egresado','xmalopa@gmail.com',979519273),(264,72668413,20181020,'Ignacio','Ramos Escudero','egresado','iramoses@outlook.com',961561537),(265,74591453,20181021,'Marina','Martin Elorza','estudiante','mmartinel@outlook.com',998619532),(266,72386398,20181022,'Juan','Suarez Márquez','estudiante','jsuarezma@unsa.edu.pe',947139521),(267,70235783,20181023,'Juan','Campoy García','egresado','jcampoyga@gmail.com',917760903),(268,74923218,20181024,'Marta','Ramírez Álvarez','estudiante','mramirezal@gmail.com',999807601),(269,72084375,20181025,'María Dolores','Barrio Quevedo','estudiante','mbarrioqu@unsa.edu.pe',914039202),(270,71285822,20181026,'Francisco','Requena Pérez','estudiante','frequenape@unsa.edu.pe',978745001),(271,71144364,20181027,'Antonia','Molina Camacho','estudiante','amolinaca@unsa.edu.pe',939235578),(272,72890604,20181028,'Joan','Martínez Cid','estudiante','jmartinezci@unsa.edu.pe',919964359),(273,70918833,20181029,'Antonio','Lozano Otero','estudiante','alozanoot@hotmail.com',923113797),(274,72415267,20181030,'María Isabel','Márquez Montes','egresado','mmarquezmo@gmail.com',954497013),(275,72890633,20181031,'Antonio','García Fernández','estudiante','agarciafe@gmail.com',984159808),(276,70747976,20181032,'Jordi','Mérida Álvarez','estudiante','jmeridaal@hotmail.com',997960039),(277,72456835,20181033,'María Dolores','Alemán Angulo','estudiante','malemanan@unsa.edu.pe',935822136),(278,73623930,20181034,'Dolores','Ferrera Rodríguez','estudiante','dferreraro@unsa.edu.pe',919581934),(279,71559591,20181035,'Ricardo','Rodríguez Rodríguez','profesor','rrodriguezro@unsa.edu.pe',988145809),(280,72648957,20181036,'Joaquín','Vázquez Pardo','egresado','jvazquezpa@gmail.com',991504730),(281,71001320,20181037,'Silvia','Alonso Martínez','egresado','salonsoma@unsa.edu.pe',916561436),(282,71460152,20181038,'Teresa','Hernán Martin','estudiante','thernanma@gmail.com',977880191),(283,74165984,20181039,'Encarnación','Zaragoza Cortes','estudiante','ezaragozaco@unsa.edu.pe',960490782),(284,72602572,20181040,'Pablo','Barroso García','egresado','pbarrosoga@outlook.com',928883245),(285,72340401,20181041,'Miguel','Pérez Hinojosa','egresado','mperezhi@outlook.com',982237679),(286,70039999,20181042,'Francisco','Navarro Fuentes','egresado','fnavarrofu@gmail.com',902276794),(287,74500425,20181043,'María Dolores','Gallego Jiménez','profesor','mgallegoji@outlook.com',934465819),(288,74393432,20181044,'Víctor','Tapia Fernández','estudiante','vtapiafe@unsa.edu.pe',936546146),(289,73275347,20181045,'Manuel','Gómez Hurtado','estudiante','mgomezhu@gmail.com',985130534),(290,71538763,20181046,'Teresa','Buendía González','egresado','tbuendiago@unsa.edu.pe',945020605),(291,70528231,20181047,'Beatriz','Domínguez Villena','estudiante','bdominguezvi@gmail.com',938796098),(292,71304813,20181048,'Eneko','Sanz Vélez','profesor','esanzve@unsa.edu.pe',934602694),(293,71441600,20181049,'Antonio Jesús','García Juan','estudiante','agarciaju@outlook.com',956677276),(294,73243572,20181050,'María Ángeles','Sierra Garrido','estudiante','msierraga@gmail.com',931243071),(295,73824968,20181051,'Isabel','Cuesta García','estudiante','icuestaga@gmail.com',981639112),(296,70220053,20181052,'María Teresa','Ramos Espejo','egresado','mramoses@hotmail.com',910160937),(297,71165863,20181053,'José Luis','Suarez Valverde','estudiante','jsuarezva@hotmail.com',959173037),(298,72182773,20181054,'Jordi','Sanz Martí','estudiante','jsanzma@gmail.com',922146522),(299,71386776,20181055,'José Manuel','Barrera Pascual','estudiante','jbarrerapa@unsa.edu.pe',964023446),(300,72269995,20181056,'Daniel','Devesa Salvatierra','estudiante','ddevesasa@hotmail.com',989957600),(301,70333328,20181057,'Miguel Ángel','Medina Alonso','estudiante','mmedinaal@hotmail.com',936168547),(302,73491104,20181058,'María Luisa','Becerra Castillo','estudiante','mbecerraca@hotmail.com',919465808),(303,74002676,20181059,'María Isabel','Belmonte Abarca','estudiante','mbelmonteab@hotmail.com',926154034),(304,73060867,20181060,'María Ángeles','Fernández Muñoz','estudiante','mfernandezmu@unsa.edu.pe',931308868),(305,70679326,20181061,'Isabel','Laguna Flores','profesor','ilagunafl@outlook.com',935964286),(306,73864434,20181062,'Laura','Ivanova López','estudiante','livanovalo@outlook.com',960430369),(307,70829533,20181063,'Carlos','Linares Vázquez','estudiante','clinaresva@outlook.com',963496309),(308,73362197,20181064,'Patricia','Nieto Gamero','estudiante','pnietoga@hotmail.com',911826153),(309,71808294,20181065,'Joaquín','Giner Padilla','egresado','jginerpa@unsa.edu.pe',900181619),(310,73778823,20181066,'Paula','Morales Guerrero','estudiante','pmoralesgu@gmail.com',988808913),(311,73003928,20181067,'Juan','Lin Moro','egresado','jlinmo@outlook.com',946891105),(312,73989881,20181068,'Carmen','Serrano Gómez','egresado','cserranogo@gmail.com',994148068),(313,71412521,20181069,'María','Hernández Sánchez','estudiante','mhernandezsa@gmail.com',937692377),(314,73246160,20181070,'Manuel','Martínez Delgado','egresado','mmartinezde@gmail.com',947267063),(315,71000173,20181071,'Antonio','González Rodríguez','egresado','agonzalezro@gmail.com',957294961),(316,74335452,20181072,'Miguel Ángel','Lillo Sánchez','estudiante','mlillosa@outlook.com',986392900),(317,72223184,20181073,'Antonio','Saavedra De Miguel','estudiante','asaavedrade@unsa.edu.pe',948951468),(318,74175790,20181074,'Enrique','Zhang Santana','egresado','ezhangsa@hotmail.com',904469386),(319,74335118,20181075,'José Luis','Gascón Cardona','estudiante','jgasconca@gmail.com',974366302),(320,74167245,20181076,'María Luisa','Fernández Navarro','estudiante','mfernandezna@outlook.com',986185891),(321,71555161,20181077,'Víctor','González Toledo','egresado','vgonzalezto@unsa.edu.pe',921200314),(322,72273948,20181078,'Jesús','Ávila Pérez','estudiante','javilape@hotmail.com',925693103),(323,72434313,20181079,'Isabel','Cebrián Barroso','egresado','icebrianba@gmail.com',909293066),(324,72467275,20181080,'Rosa María','Cortes Porta','egresado','rcortespo@gmail.com',935281033),(325,73835380,20181081,'María','Rodrigues Fuertes','estudiante','mrodriguesfu@unsa.edu.pe',941818792),(326,73331147,20181082,'Marina','Valero Pérez','estudiante','mvalerope@outlook.com',956394210),(327,72948506,20181083,'Alberto','Fraile García','egresado','afrailega@outlook.com',918975255),(328,72813395,20181084,'Francisco','Cárdenas Heredia','estudiante','fcardenashe@gmail.com',924305111),(329,74924812,20181085,'Ángel','Pujol García','egresado','apujolga@gmail.com',911413954),(330,74968978,20181086,'Francisco','Rosa Herrera','estudiante','frosahe@outlook.com',970839702),(331,74727231,20181087,'Rosa María','Múgica Garrido','estudiante','rmugicaga@unsa.edu.pe',968627962),(332,70326648,20181088,'Carlos','Barroso Sánchez','estudiante','cbarrososa@gmail.com',931930970),(333,74160144,20181089,'Carmen','Torre Da Silva','egresado','ctorreda@hotmail.com',974523347),(334,72527748,20181090,'Encarnación','Rodríguez Vega','egresado','erodriguezve@outlook.com',935581616),(335,70568134,20181091,'José','Bosch Bermúdez','estudiante','jboschbe@outlook.com',995180988),(336,73373578,20181092,'José','Sánchez Pont','estudiante','jsanchezpo@hotmail.com',921976191),(337,74901868,20181093,'Pedro','Garrido Jiménez','estudiante','pgarridoji@outlook.com',950699424),(338,74603797,20181094,'Sandra','Salazar Rodríguez','egresado','ssalazarro@unsa.edu.pe',953900724),(339,70807580,20181095,'Lucia','Lago Escrivá','estudiante','llagoes@outlook.com',952494212),(340,70019845,20181096,'Adrián','Fariña Jiménez','estudiante','afarinaji@hotmail.com',920686520),(341,73002396,20181097,'Ángel','Robles Arroyo','estudiante','aroblesar@hotmail.com',952340482),(342,74428997,20181098,'Rosa','Fonseca Sánchez','estudiante','rfonsecasa@outlook.com',935382791),(343,72932617,20181099,'Francisco','Romero Casillas','egresado','fromeroca@gmail.com',989170018),(344,72006586,20181100,'Julián','Peña Carrasco','egresado','jpenaca@gmail.com',941993545),(345,74699772,20181101,'Manuel','Valls Pérez','egresado','mvallspe@unsa.edu.pe',982047233),(346,70047653,20181102,'Antonio','Oliver De los Ríos','egresado','aoliverde@outlook.com',935449374),(347,70810091,20181103,'María','Fernández Martínez','egresado','mfernandezma@unsa.edu.pe',918939212),(348,71501739,20181104,'Pedro','Rodríguez Benito','estudiante','prodriguezbe@gmail.com',983224340),(349,74187641,20181105,'Mohamed','García Puig','estudiante','mgarciapu@hotmail.com',958830507),(350,71465269,20181106,'Paula','Palma Gómez','estudiante','ppalmago@gmail.com',926696731),(351,73086246,20181107,'Sara','Sanz Ballesteros','estudiante','ssanzba@outlook.com',908873824),(352,74916246,20181108,'Francisca','Martínez López','profesor','fmartinezlo@gmail.com',948754470),(353,71277855,20181109,'Raúl','Lara González','egresado','rlarago@gmail.com',944476125),(354,72696764,20181110,'Juan','Ortiz Grande','estudiante','jortizgr@unsa.edu.pe',956761057),(355,71632266,20181111,'Marta','Jiménez Ramos','estudiante','mjimenezra@hotmail.com',926510894),(356,72854627,20181112,'María','Soto López','estudiante','msotolo@outlook.com',999422416),(357,74130116,20181113,'Marta','Conesa Zaragoza','egresado','mconesaza@unsa.edu.pe',968215584),(358,74052808,20181114,'Marta','Pantoja Miralles','estudiante','mpantojami@hotmail.com',966683644),(359,70219790,20181115,'Miguel Ángel','Carrasco Fernández','estudiante','mcarrascofe@hotmail.com',967500443),(360,72138395,20181116,'Josep','Huang González','estudiante','jhuanggo@unsa.edu.pe',977932312),(361,74702267,20181117,'Mercedes','García Diez','estudiante','mgarciadi@outlook.com',943104019),(362,73286867,20181118,'Marta','Morales Escalante','estudiante','mmoraleses@gmail.com',907740854),(363,74903945,20181119,'Antonio','Rodríguez Moreno','egresado','arodriguezmo@hotmail.com',930776942),(364,71193459,20181120,'Antonio','Martínez Castañeda','egresado','amartinezca@hotmail.com',906044973),(365,70682627,20181121,'José María','Gallardo Morillas','egresado','jgallardomo@hotmail.com',979468355),(366,74063542,20181122,'Ander','López Trujillo','egresado','alopeztr@hotmail.com',973390429),(367,73638707,20181123,'José','Román Aguilera','estudiante','jromanag@unsa.edu.pe',975724011),(368,73923587,20181124,'Miguel Ángel','Burgos Gómez','estudiante','mburgosgo@unsa.edu.pe',917607185),(369,73223820,20181125,'Pilar','López López','estudiante','plopezlo@unsa.edu.pe',973906531),(370,71868621,20181126,'María Isabel','Torres Ortiz','egresado','mtorresor@outlook.com',918775277),(371,73560957,20181127,'Sergi','Sánchez Arce','estudiante','ssanchezar@hotmail.com',961070255),(372,74482854,20181128,'Juan José','Sáez Casal','estudiante','jsaezca@unsa.edu.pe',969724494),(373,70084266,20181129,'María Mar','Pujol Ruiz','egresado','mpujolru@outlook.com',952796551),(374,70048360,20181130,'Francisco','Flores Perales','estudiante','fflorespe@hotmail.com',952385592),(375,71187842,20181131,'Ana','Vila Orgaz','estudiante','avilaor@hotmail.com',995417754),(376,73744367,20181132,'Josefa','Almodóvar González','profesor','jalmodovargo@outlook.com',970339844),(377,73216886,20181133,'María Pilar','Martin Pedrero','estudiante','mmartinpe@hotmail.com',972834864),(378,70526827,20181134,'Teresa','Moreno Amorós','estudiante','tmorenoam@gmail.com',925271173),(379,71289544,20181135,'Isabel','Bernal Calvo','estudiante','ibernalca@unsa.edu.pe',909269198),(380,72489832,20181136,'Antonia','Cid Polo','estudiante','acidpo@outlook.com',996888077),(381,74595936,20181137,'Fernando','González Román','estudiante','fgonzalezro@hotmail.com',964812957),(382,70292801,20181138,'Pilar','Ortega Gómez','estudiante','portegago@outlook.com',990664763),(383,73164009,20181139,'Mariano','Riera Ramírez','estudiante','mrierara@outlook.com',944457040),(384,72610129,20181140,'José Vicente','Blanco García','egresado','jblancoga@gmail.com',978326130),(385,71410021,20181141,'Carmen','Asensio Veiga','estudiante','casensiove@outlook.com',971596295),(386,74865401,20181142,'Alberto','Cabanillas Tena','estudiante','acabanillaste@outlook.com',993364685),(387,70747200,20181143,'Irene','De la Cruz Sabaté','egresado','ide la cruzsa@outlook.com',901050079),(388,70694118,20181144,'Natalia','Puerto Domínguez','estudiante','npuertodo@unsa.edu.pe',983919498),(389,73259609,20181145,'Antonio','Sandoval Pérez','egresado','asandovalpe@hotmail.com',988723449),(390,74338839,20181146,'Jesús','Gallego Castillo','profesor','jgallegoca@unsa.edu.pe',952725581),(391,73126821,20181147,'Rosa María','Ruiz Ruiz','estudiante','rruizru@hotmail.com',927200434),(392,71484237,20181148,'Daniel','Velasco Morales','profesor','dvelascomo@outlook.com',960562360),(393,72705299,20181149,'José Ramón','Calvo Gómez','estudiante','jcalvogo@gmail.com',919563331),(394,70442922,20181150,'José Antonio','Gómez Gómez','egresado','jgomezgo@unsa.edu.pe',977676007),(395,70027844,20181151,'Ana','Estrada Sánchez','estudiante','aestradasa@gmail.com',901939598),(396,73914562,20181152,'Juan','Muñoz Martin','estudiante','jmunozma@unsa.edu.pe',903574569),(397,71764639,20181153,'Marta','Rubio Jaramillo','egresado','mrubioja@hotmail.com',937933201),(398,73058078,20181154,'Sebastián','Hernández Escolano','egresado','shernandezes@outlook.com',914971125),(399,72834515,20181155,'Iván','Palencia Blanco','estudiante','ipalenciabl@unsa.edu.pe',957660349),(400,71564498,20181156,'Julia','Vargas Valverde','estudiante','jvargasva@hotmail.com',946946986),(401,73139460,20181157,'Miguel Ángel','Hernández Sánchez','egresado','mhernandezsa@unsa.edu.pe',912743165),(402,73716948,20181158,'Luis','Vega Martínez','estudiante','lvegama@hotmail.com',927291382),(403,72856489,20181159,'María Carmen','Prados Jurado','estudiante','mpradosju@gmail.com',935002930),(404,71412475,20181160,'Paula','Garijo Sánchez','egresado','pgarijosa@unsa.edu.pe',982625334),(405,71850877,20181161,'María Dolores','Santana Matilla','estudiante','msantanama@gmail.com',917078873),(406,72692978,20181162,'Ángel','Espina Serrano','estudiante','aespinase@unsa.edu.pe',928659391),(407,74035390,20181163,'María','Pallares Toledo','egresado','mpallaresto@hotmail.com',999620123),(408,70414422,20181164,'María Carmen','Fariña Villar','estudiante','mfarinavi@hotmail.com',983541166),(409,70549968,20181165,'Josefa','Fraga Navarro','estudiante','jfragana@hotmail.com',942149751),(410,71925448,20181166,'Francisco Javier','Hernández Barco','estudiante','fhernandezba@outlook.com',915289695),(411,72390162,20181167,'Josefa','Ortiz Martínez','profesor','jortizma@outlook.com',921386760),(412,74639457,20181168,'Sergio','Curiel Gómez','egresado','scurielgo@gmail.com',942722849),(413,74679057,20181169,'Raúl','Pérez Costa','estudiante','rperezco@outlook.com',942101751),(414,73623795,20181170,'Cristina','Fernández Gallardo','estudiante','cfernandezga@gmail.com',920087093),(415,70559088,20181171,'María Ángeles','Rodríguez Saavedra','estudiante','mrodriguezsa@hotmail.com',996909345),(416,73173064,20181172,'Adrián','Gascón Sáez','estudiante','agasconsa@hotmail.com',915178661),(417,73303707,20181173,'Diego','Gracia Fernández','estudiante','dgraciafe@hotmail.com',989387259),(418,74403091,20181174,'Ana','Méndez Fajardo','estudiante','amendezfa@gmail.com',969728868),(419,70585457,20181175,'Daniel','Fernández Rendón','estudiante','dfernandezre@outlook.com',943509470),(420,71846265,20181176,'Unai','Valls Del Rio','estudiante','uvallsde@gmail.com',959838035),(421,72848704,20181177,'Daniel','Fernández Andreu','estudiante','dfernandezan@outlook.com',919903233),(422,70606943,20181178,'Elena','Cano De Blas','estudiante','ecanode@hotmail.com',964956165),(423,71153903,20181179,'Alejandro','Ortiz Rodríguez','estudiante','aortizro@hotmail.com',941541925),(424,72758433,20181180,'Eneko','Roldan Andrés','egresado','eroldanan@gmail.com',947399170),(425,72708214,20181181,'Concepción','Blázquez Real','egresado','cblazquezre@gmail.com',990474623),(426,74021473,20181182,'Montserrat','García Sánchez','egresado','mgarciasa@outlook.com',956232182),(427,72618890,20181183,'María Carmen','Jiménez Moreno','egresado','mjimenezmo@hotmail.com',931007080),(428,73556911,20181184,'Ana María','Tarín Fernández','estudiante','atarinfe@hotmail.com',933252598),(429,70875847,20181185,'Ángela','Pérez Camacho','profesor','aperezca@outlook.com',986698112),(430,73658961,20181186,'Manuel','Castillo González','egresado','mcastillogo@outlook.com',924932397),(431,71902333,20181187,'Jesús','Gómez Vázquez','profesor','jgomezva@gmail.com',928961256),(432,74749620,20181188,'Iñaki','Romero Matos','estudiante','iromeroma@outlook.com',992197179),(433,71255602,20181189,'Jesús María','Pascual Fernández','estudiante','jpascualfe@hotmail.com',999787559),(434,70028158,20181190,'Aitor','Fernández Barahona','estudiante','afernandezba@gmail.com',947447789),(435,71316001,20181191,'Eduardo','Nieto Moreno','estudiante','enietomo@gmail.com',957996999),(436,74006954,20181192,'Luis','Gámez Talavera','estudiante','lgamezta@outlook.com',957692156),(437,72097342,20181193,'Joan','Díaz Sotelo','estudiante','jdiazso@unsa.edu.pe',919101543),(438,72105955,20181194,'Carlos','Araujo Alonso','estudiante','caraujoal@unsa.edu.pe',957034380),(439,70108852,20181195,'Mireia','Rodríguez Miro','egresado','mrodriguezmi@outlook.com',907529165),(440,73277258,20181196,'Ángel','Revuelta Gómez','estudiante','arevueltago@hotmail.com',939517372),(441,73089757,20181197,'Jesús','Alvarado González','estudiante','jalvaradogo@outlook.com',952649983),(442,70791591,20181198,'Manuel','Diez Pizarro','egresado','mdiezpi@unsa.edu.pe',931405813),(443,71271553,20181199,'Aina','Blázquez Lázaro','estudiante','ablazquezla@hotmail.com',976794490),(444,73180594,20181200,'Josefa','Del Moral Romero','estudiante','jdel moralro@outlook.com',912187015),(445,70457603,20181201,'Carmen','Pena Tejero','estudiante','cpenate@hotmail.com',981584390),(446,70035331,20181202,'Manuel','Del Hoyo Sánchez','egresado','mdel hoyosa@gmail.com',967959507),(447,70468528,20181203,'Encarnación','Quintana Redondo','estudiante','equintanare@hotmail.com',903618658),(448,73251597,20181204,'Jesús','Ospina Felipe','estudiante','jospinafe@gmail.com',910114834),(449,74539226,20181205,'Paula','Alba Martínez','egresado','palbama@unsa.edu.pe',989148304),(450,74888380,20181206,'Carmen','García Iglesias','estudiante','cgarciaig@outlook.com',967995827),(451,72587555,20181207,'Susana','Arcos Sánchez','estudiante','sarcossa@hotmail.com',907241155),(452,73728623,20181208,'José Luis','Hernández Ruiz','estudiante','jhernandezru@unsa.edu.pe',963351126),(453,71078702,20181209,'Juan Manuel','Santana López','egresado','jsantanalo@hotmail.com',937785894),(454,73055215,20181210,'Josefa','Jiménez Salvado','estudiante','jjimenezsa@unsa.edu.pe',997395575),(455,74956585,20181211,'Jesús','Arias Muñoz','egresado','jariasmu@hotmail.com',908617477),(456,71266337,20181212,'María Ángeles','Domenech Castellano','egresado','mdomenechca@hotmail.com',937770054),(457,73443071,20181213,'Juan José','Hinojosa Torres','estudiante','jhinojosato@unsa.edu.pe',913894749),(458,71641985,20181214,'Antonio','Otero Rubio','egresado','aoteroru@gmail.com',942478342),(459,72003791,20181215,'Carmen','Moral Vigo','estudiante','cmoralvi@unsa.edu.pe',961013661),(460,70378744,20181216,'María José','Pavón Muñoz','profesor','mpavonmu@hotmail.com',901304266),(461,73570675,20181217,'Daniel','Palau Muñoz','estudiante','dpalaumu@gmail.com',933100865),(462,73160652,20181218,'José','Vargas Tolosa','estudiante','jvargasto@gmail.com',911937401),(463,70190313,20181219,'Manuel','Sanz Martin','estudiante','msanzma@outlook.com',919825722),(464,70632156,20181220,'Ana','Haro Quevedo','estudiante','aharoqu@unsa.edu.pe',977170307),(465,72033725,20181221,'David','Martínez Vázquez','estudiante','dmartinezva@gmail.com',990722693),(466,74923141,20181222,'María Dolores','Osorio Suero','estudiante','mosoriosu@outlook.com',903337891),(467,71934842,20181223,'Cristina','Villanueva Molina','estudiante','cvillanuevamo@outlook.com',929828340),(468,74006137,20181224,'Antonio','Aguilera Blasco','estudiante','aaguilerabl@unsa.edu.pe',944328790),(469,74713546,20181225,'Antonio','González Martin','egresado','agonzalezma@gmail.com',999810890),(470,71867000,20181226,'Isabel','González Ramírez','egresado','igonzalezra@outlook.com',925572480),(471,71368490,20181227,'Antonio','Ponce Verdejo','egresado','aponceve@gmail.com',915133761),(472,70433183,20181228,'Raúl','García Aguilar','estudiante','rgarciaag@unsa.edu.pe',991936117),(473,72930557,20181229,'Ana María','Expósito Gutiérrez','estudiante','aexpositogu@outlook.com',968198900),(474,74084491,20181230,'María Carmen','Valera Gómez','estudiante','mvalerago@gmail.com',999373915),(475,71977964,20181231,'Pablo','Oliva Calderón','egresado','polivaca@unsa.edu.pe',931473475),(476,72583030,20181232,'Alejandro','Mamani Etxebarria','estudiante','amamaniet@outlook.com',925209935),(477,71248762,20181233,'Francisco Javier','Fernández Fidalgo','estudiante','ffernandezfi@unsa.edu.pe',960147383),(478,71351832,20181234,'Rafael','Vidal Morales','estudiante','rvidalmo@unsa.edu.pe',968044280),(479,70516949,20181235,'Miguel','Blázquez Rojo','egresado','mblazquezro@gmail.com',968516464),(480,74872498,20181236,'Mónica','Crespo Madrigal','estudiante','mcrespoma@hotmail.com',959873598),(481,71308471,20181237,'María Carmen','Peinado Marcos','estudiante','mpeinadoma@gmail.com',906761072),(482,73938905,20181238,'Esther','Quesada Flores','egresado','equesadafl@outlook.com',995517117),(483,72494079,20181239,'José','Gil Álvarez','estudiante','jgilal@hotmail.com',944622010),(484,73996096,20181240,'Juan Carlos','Hernández Fernández','egresado','jhernandezfe@outlook.com',935954489),(485,74465016,20181241,'Rafael','Ortega Elena','egresado','rortegael@outlook.com',948124520),(486,71081611,20181242,'Sergi','Lara López','egresado','slaralo@hotmail.com',967625638),(487,72060406,20181243,'Francisco Javier','Blanco Sánchez','egresado','fblancosa@outlook.com',948273812),(488,74381348,20181244,'Isabel','Díaz Pérez','egresado','idiazpe@outlook.com',927879370),(489,71714762,20181245,'Pedro','Pérez Heredia','egresado','pperezhe@gmail.com',993309858),(490,70962867,20181246,'Francisco Javier','Jiménez Martin','egresado','fjimenezma@unsa.edu.pe',978935693),(491,73915035,20181247,'Fernando','Meléndez Suarez','egresado','fmelendezsu@hotmail.com',951160724),(492,73505917,20181248,'María','Domínguez Camacho','egresado','mdominguezca@hotmail.com',955700913),(493,74174685,20181249,'José María','Romero Nieto','egresado','jromeroni@outlook.com',981891791),(494,72248025,20181250,'Miguel','García González','estudiante','mgarciago@outlook.com',979229374),(495,73538875,20181251,'Silvia','López Piñeiro','egresado','slopezpi@outlook.com',971437344),(496,70321894,20181252,'José Luis','Redondo Castro','egresado','jredondoca@outlook.com',993668324),(497,73164740,20181253,'José Manuel','Vilches Escribano','estudiante','jvilcheses@outlook.com',964502503),(498,74348669,20181254,'Marta','Fernández García','profesor','mfernandezga@unsa.edu.pe',917776311),(499,71962586,20181255,'Luis','Gracia Pérez','egresado','lgraciape@unsa.edu.pe',963402673),(500,72178754,20181256,'Jesús','Alegre Gutiérrez','egresado','jalegregu@gmail.com',997973960),(501,72044215,20181257,'Elena','Herrero Rodríguez','estudiante','eherreroro@gmail.com',988962718),(502,72551462,20181258,'Rocío','Muñoz Gamero','egresado','rmunozga@unsa.edu.pe',965599899),(503,71278112,20181259,'Concepción','Berrio Santamaría','estudiante','cberriosa@outlook.com',958478722),(504,73466307,20181260,'José Manuel','Dos Santos Martin','estudiante','jdos santosma@gmail.com',912049385),(505,71334268,20181261,'Jesús','Orta García','estudiante','jortaga@unsa.edu.pe',943305275),(506,70796137,20181262,'Carlos','Navarro Torregrosa','estudiante','cnavarroto@hotmail.com',927142904),(507,71057147,20181263,'Rosario','Ripoll Gómez','egresado','rripollgo@outlook.com',995136711),(508,71838119,20181264,'Manuel','Salmerón Arévalo','estudiante','msalmeronar@outlook.com',958703446),(509,71322050,20181265,'María Mar','Pelegrín Fernández','estudiante','mpelegrinfe@hotmail.com',936744512),(510,70714738,20181266,'María Teresa','Varo Ortega','estudiante','mvaroor@hotmail.com',907951884),(511,73207663,20181267,'José Ramón','González Cabrera','egresado','jgonzalezca@unsa.edu.pe',931163511),(512,72705509,20181268,'Francisco Javier','Delgado Sánchez','estudiante','fdelgadosa@outlook.com',914318770),(513,70876288,20181269,'José María','Arjona Galván','estudiante','jarjonaga@outlook.com',991697108),(514,73730359,20181270,'Miguel','Pérez Ezquerra','egresado','mperezez@hotmail.com',905650761),(515,71654778,20181271,'Antonio','Ortiz Canto','egresado','aortizca@gmail.com',962204094),(516,71912387,20181272,'Daniel','Amaya Solano','estudiante','damayaso@hotmail.com',972869836),(517,73168785,20181273,'Fernando','Rueda González','estudiante','fruedago@hotmail.com',927672917),(518,74968568,20181274,'Encarnación','Diz Valles','estudiante','edizva@outlook.com',900366240),(519,71954841,20181275,'Miguel','Muñoz Casanovas','estudiante','mmunozca@unsa.edu.pe',949512687),(520,70569080,20181276,'Rosario','García Magro','estudiante','rgarciama@outlook.com',929447164),(521,71023699,20181277,'Rafael','De Haro Cara','estudiante','rde haroca@gmail.com',973016266),(522,73140136,20181278,'Concepción','Pulido Rincón','estudiante','cpulidori@outlook.com',917348585),(523,74137188,20181279,'Eduardo','Rey Carpintero','estudiante','ereyca@unsa.edu.pe',948209315),(524,72972101,20181280,'Daniel','Martínez Paredes','egresado','dmartinezpa@gmail.com',911015104),(525,73983452,20181281,'José','Selles Valdivia','egresado','jsellesva@hotmail.com',947731137),(526,74849352,20181282,'Antonia','García Mayoral','egresado','agarciama@hotmail.com',994896031),(527,70229048,20181283,'Teresa','González Martínez','estudiante','tgonzalezma@unsa.edu.pe',954398269),(528,74702484,20181284,'Jorge','Miranda Sánchez','egresado','jmirandasa@gmail.com',913125842),(529,74166570,20181285,'Araceli','Sedano García','estudiante','asedanoga@outlook.com',934419009),(530,74959956,20181286,'Elena','Haro Blanco','egresado','eharobl@hotmail.com',996187468),(531,72492814,20181287,'María Luisa','Fernández Fernández','estudiante','mfernandezfe@gmail.com',905128814),(532,71636456,20181288,'Fernando','De la Fuente Ruiz','estudiante','fde la fuenteru@gmail.com',934397506),(533,73103706,20181289,'Vicente','Lorenzo Torres','estudiante','vlorenzoto@gmail.com',940025379),(534,72457155,20181290,'Francisco Javier','Fernández Martin','estudiante','ffernandezma@unsa.edu.pe',942316888),(535,73519888,20181291,'María Teresa','Barrado Da Silva','egresado','mbarradoda@gmail.com',966486661),(536,72326502,20181292,'Manuela','Machuca Prieto','estudiante','mmachucapr@outlook.com',928057645),(537,70858176,20181293,'María Dolores','González Morales','estudiante','mgonzalezmo@gmail.com',905161323),(538,73345412,20181294,'Vicente','De Diego Vela','egresado','vde diegove@gmail.com',932134589),(539,72899987,20181295,'Juan José','Valenzuela Estrada','estudiante','jvalenzuelaes@hotmail.com',938901275),(540,74246360,20181296,'María Luisa','Blanco García','estudiante','mblancoga@gmail.com',906452145),(541,71598316,20181297,'José María','Pérez Campos','egresado','jperezca@gmail.com',940527589),(542,73240240,20181298,'María','Brito Fuentes','estudiante','mbritofu@unsa.edu.pe',995013526),(543,72041794,20181299,'María Pilar','Lucas Peñalver','estudiante','mlucaspe@unsa.edu.pe',952748966),(544,74095612,20181300,'Sandra','Magán Diop','estudiante','smagandi@gmail.com',994503238),(545,74755378,20181301,'David','Batista Vázquez','estudiante','dbatistava@outlook.com',985255604),(546,72943163,20181302,'José','Rodríguez Fernández','estudiante','jrodriguezfe@unsa.edu.pe',923267758),(547,73926422,20181303,'Alberto','Veiga Mellado','estudiante','aveigame@unsa.edu.pe',901883025),(548,70155766,20181304,'David','Pérez Hernández','egresado','dperezhe@gmail.com',973111642),(549,70957849,20181305,'María','De Dios Campuzano','estudiante','mde diosca@outlook.com',953599701),(550,70133656,20181306,'Natalia','Jiménez Gómez','egresado','njimenezgo@outlook.com',969319583),(551,71593966,20181307,'Laura','Muñiz Martínez','egresado','lmunizma@outlook.com',965785685),(552,73450957,20181308,'Andrés','Herrera Pavón','estudiante','aherrerapa@unsa.edu.pe',937576823),(553,74710231,20181309,'María Teresa','Santos Riba','egresado','msantosri@hotmail.com',940937420),(554,72644621,20181310,'José','Aroca Maza','estudiante','jarocama@gmail.com',950421849),(555,72049195,20181311,'María Dolores','Villalonga Blanco','egresado','mvillalongabl@outlook.com',923330006),(556,74069922,20181312,'Miguel','Jimeno Castilla','estudiante','mjimenoca@outlook.com',975346903),(557,70299733,20181313,'Julián','Corral Martínez','estudiante','jcorralma@outlook.com',914038045),(558,74293333,20181314,'Isabel','Martin Cañas','estudiante','imartinca@outlook.com',910501046),(559,74447889,20181315,'Pablo','Salas Roldan','egresado','psalasro@unsa.edu.pe',970670427),(560,73717976,20181316,'Rafael','Martínez Checa','egresado','rmartinezch@unsa.edu.pe',917811955),(561,71323703,20181317,'Rosario','Ruiz Serrano','profesor','rruizse@outlook.com',959088482),(562,72786637,20181318,'Juan Antonio','Arranz Lozano','egresado','jarranzlo@hotmail.com',946119395),(563,71565251,20181319,'José','Mas Barrios','egresado','jmasba@unsa.edu.pe',975059486),(564,70009846,20181320,'Pedro','Ojeda Aguilar','egresado','pojedaag@gmail.com',963862715),(565,70861848,20181321,'Juan','Beltrán Rodríguez','estudiante','jbeltranro@outlook.com',920123102),(566,70558104,20181322,'Isabel','Ros Quintana','estudiante','irosqu@outlook.com',911128051),(567,73750763,20181323,'Miguel Ángel','Silva Jiménez','estudiante','msilvaji@gmail.com',992077170),(568,71200507,20181324,'José','Blasco Plaza','estudiante','jblascopl@gmail.com',905417765),(569,72889504,20181325,'José','Llopis Serrano','egresado','jllopisse@outlook.com',995731313),(570,70887043,20181326,'Carmen','Cuevas Ruiz','estudiante','ccuevasru@outlook.com',912045206),(571,71890462,20181327,'Antonio','Naranjo Ortega','estudiante','anaranjoor@gmail.com',962154942),(572,71679455,20181328,'Raquel','Mas Lara','egresado','rmasla@gmail.com',938842289),(573,74308153,20181329,'Isabel','Vargas Sánchez','estudiante','ivargassa@hotmail.com',932566586),(574,70748015,20181330,'Ana María','Navarro Concepción','estudiante','anavarroco@hotmail.com',943726918),(575,74084065,20181331,'Juan Manuel','Torres Fernández','egresado','jtorresfe@outlook.com',937608442),(576,71504366,20181332,'Raquel','Núñez Ortega','estudiante','rnunezor@outlook.com',974388391),(577,73210643,20181333,'Paula','González Bermúdez','egresado','pgonzalezbe@unsa.edu.pe',931335598),(578,72749840,20181334,'María José','Rodríguez Marco','estudiante','mrodriguezma@hotmail.com',948218022),(579,74232845,20181335,'Álvaro','Domínguez García','estudiante','adominguezga@hotmail.com',998266014),(580,71515538,20181336,'Jesús','Mosquera Vicens','estudiante','jmosqueravi@outlook.com',984786024),(581,73629984,20181337,'Encarnación','Herrera Nieves','estudiante','eherrerani@hotmail.com',923061299),(582,72667832,20181338,'Antonio','García Rodríguez','estudiante','agarciaro@unsa.edu.pe',975321645),(583,72243402,20181339,'Raúl','Ferrer Conde','estudiante','rferrerco@unsa.edu.pe',967926466),(584,74193058,20181340,'José','Alvarado Carbonell','estudiante','jalvaradoca@gmail.com',923563747),(585,71076428,20181341,'María José','Jiménez García','estudiante','mjimenezga@hotmail.com',961551835),(586,73444692,20181342,'María Carmen','Sanz Martínez','estudiante','msanzma@outlook.com',990198208),(587,74386412,20181343,'Daniel','González Gómez','profesor','dgonzalezgo@outlook.com',967718087),(588,73588642,20181344,'Paula','Lorente Ruiz','egresado','plorenteru@outlook.com',974170930),(589,74425590,20181345,'Marta','Ortiz Cerda','estudiante','mortizce@unsa.edu.pe',930777297),(590,74051129,20181346,'Jesús','Ramírez González','egresado','jramirezgo@unsa.edu.pe',937443499),(591,73771679,20181347,'María Pilar','Salmerón Pagés','estudiante','msalmeronpa@hotmail.com',938638659),(592,73081822,20181348,'María Jesús','Amador Martínez','estudiante','mamadorma@unsa.edu.pe',922727007),(593,73055727,20181349,'José Antonio','Vendrell Sánchez','estudiante','jvendrellsa@outlook.com',952689391),(594,74635901,20181350,'Rosa','Guardia López','estudiante','rguardialo@outlook.com',938355293),(595,71960616,20181351,'Rosa','Romero Roque','estudiante','rromeroro@outlook.com',941607649),(596,70414482,20181352,'José Manuel','López Vidal','estudiante','jlopezvi@hotmail.com',956510496),(597,72522084,20181353,'Fernando','Calvo Álvarez','estudiante','fcalvoal@gmail.com',970134894),(598,72782516,20181354,'José María','Jiménez Carretero','estudiante','jjimenezca@gmail.com',979424958),(599,74713461,20181355,'Raúl','Galván Gracia','estudiante','rgalvangr@gmail.com',978282414),(600,73360604,20181356,'Mercedes','Rebollo Varela','egresado','mrebollova@gmail.com',948043538),(601,72650230,20181357,'Andrés','Salmerón Galván','estudiante','asalmeronga@hotmail.com',916744075),(602,72658591,20181358,'Mercedes','García Fernández','estudiante','mgarciafe@unsa.edu.pe',968846259),(603,74358622,20181359,'María Pilar','Vidal Medina','egresado','mvidalme@gmail.com',934497425),(604,71665022,20181360,'Carlos','Rubio Prats','egresado','crubiopr@hotmail.com',906930947),(605,70751520,20181361,'María Carmen','Lozano Rivero','egresado','mlozanori@gmail.com',939975645),(606,70359916,20181362,'Marta','Martin Gonzales','egresado','mmartingo@gmail.com',909679182),(607,71131124,20181363,'María Isabel','Muñoz Melgarejo','estudiante','mmunozme@unsa.edu.pe',919938223),(608,73794080,20181364,'María Carmen','Olmos García','estudiante','molmosga@gmail.com',929350036),(609,74144173,20181365,'Sandra','Moral Berrio','egresado','smoralbe@unsa.edu.pe',931412083),(610,74029190,20181366,'Francisca','Corral Fernández','profesor','fcorralfe@outlook.com',976562463),(611,73010338,20181367,'Teresa','Martin Martínez','estudiante','tmartinma@outlook.com',958141718),(612,71860505,20181368,'María Ángeles','García Crespo','estudiante','mgarciacr@gmail.com',923720622),(613,71551098,20181369,'María Jesús','Lima Rivera','estudiante','mlimari@hotmail.com',980294429),(614,74881145,20181370,'José María','Fernández Pérez','egresado','jfernandezpe@outlook.com',998346189),(615,73324142,20181371,'Dolores','Herrera Anguita','egresado','dherreraan@unsa.edu.pe',982371077),(616,70243169,20181372,'Miguel Ángel','Hidalgo Morato','egresado','mhidalgomo@unsa.edu.pe',998467629),(617,71124633,20181373,'María Ángeles','Hernández Múgica','egresado','mhernandezmu@outlook.com',984473591),(618,73306900,20181374,'Laura','Márquez López','estudiante','lmarquezlo@hotmail.com',910890836),(619,72767776,20181375,'Sergio','Navarro Sánchez','estudiante','snavarrosa@unsa.edu.pe',946122084),(620,71233026,20181376,'Pedro','Hernández De Pedro','egresado','phernandezde@gmail.com',909516103),(621,74329173,20181377,'David','Gómez Cárdenas','estudiante','dgomezca@unsa.edu.pe',955442936),(622,70601736,20181378,'José Antonio','Martínez Sánchez','egresado','jmartinezsa@outlook.com',954529360),(623,74559553,20181379,'Josefa','Molina Álvarez','estudiante','jmolinaal@hotmail.com',902324013),(624,71440203,20181380,'María Carmen','Bravo Dimitrov','estudiante','mbravodi@hotmail.com',970077870),(625,71270754,20181381,'Raúl','Torres Alfonso','estudiante','rtorresal@gmail.com',968208922),(626,70637340,20181382,'Ana','López Martin','estudiante','alopezma@gmail.com',998742438),(627,73655375,20181383,'Sara','González Gutiérrez','estudiante','sgonzalezgu@gmail.com',952942278),(628,71956885,20181384,'Ana','Alcalá Rodríguez','egresado','aalcalaro@gmail.com',907211633),(629,72626492,20181385,'Miguel','Calatayud Arias','egresado','mcalatayudar@outlook.com',998267952),(630,74925289,20181386,'José','Taboada García','estudiante','jtaboadaga@outlook.com',984474123),(631,72145826,20181387,'María','Pérez García','estudiante','mperezga@hotmail.com',981159848),(632,70102373,20181388,'Manuel','Pastor Romo','egresado','mpastorro@hotmail.com',917835717),(633,70358529,20181389,'Josefa','Sierra Rodríguez','estudiante','jsierraro@unsa.edu.pe',918667422),(634,72598385,20181390,'Ángel','Urrutia García','estudiante','aurrutiaga@unsa.edu.pe',928319856),(635,73246905,20181391,'María Teresa','Jin Vidal','estudiante','mjinvi@hotmail.com',983902817),(636,70754798,20181392,'Alejandro','García Zhang','estudiante','agarciazh@hotmail.com',929624925),(637,74795745,20181393,'Nerea','Bautista Moreno','egresado','nbautistamo@unsa.edu.pe',923384382),(638,73544415,20181394,'David','Castro Espinosa','estudiante','dcastroes@gmail.com',934065087),(639,74727632,20181395,'Antonio','Matilla Portero','estudiante','amatillapo@outlook.com',956398240),(640,70752653,20181396,'María Carmen','Rodríguez Fernández','estudiante','mrodriguezfe@outlook.com',946862123),(641,73692178,20181397,'María Carmen','Hidalgo Quesada','estudiante','mhidalgoqu@outlook.com',913909461),(642,74125228,20181398,'María Dolores','Rubio Granado','estudiante','mrubiogr@hotmail.com',942237569),(643,71269679,20181399,'Óscar','Ruiz Alfaro','estudiante','oruizal@outlook.com',942055562),(644,74447685,20181400,'José Luis','Torres Martínez','egresado','jtorresma@hotmail.com',950162437),(645,73406830,20181401,'María Carmen','Reyes Francés','egresado','mreyesfr@hotmail.com',967196306),(646,73689997,20181402,'Antonio','González Guillem','egresado','agonzalezgu@gmail.com',953689553),(647,71717673,20181403,'Ángel','García Lobato','estudiante','agarcialo@gmail.com',904592657),(648,72101934,20181404,'Mikel','Fernández Blanco','egresado','mfernandezbl@unsa.edu.pe',933920231),(649,72049339,20181405,'Andrés','Jiménez Enrique','estudiante','ajimenezen@hotmail.com',999538265),(650,72374300,20181406,'Rosa María','López Rosillo','estudiante','rlopezro@outlook.com',902025886),(651,73521522,20181407,'Javier','González Mulero','estudiante','jgonzalezmu@hotmail.com',980217615),(652,70877936,20181408,'Antonio','Quintana Galiano','estudiante','aquintanaga@outlook.com',986739799),(653,72950399,20181409,'Yolanda','Pico Mendes','egresado','ypicome@gmail.com',900789751),(654,73841362,20181410,'Santiago','Ramírez Asensio','estudiante','sramirezas@unsa.edu.pe',957069119),(655,74058441,20181411,'Rafael','Pérez Matamoros','estudiante','rperezma@outlook.com',970295423),(656,73109589,20181412,'Antonio','Pallas Romano','egresado','apallasro@unsa.edu.pe',950088411),(657,72713507,20181413,'María','Martínez Rubio','egresado','mmartinezru@outlook.com',930699371),(658,74766527,20181414,'Patricia','Manzano Comas','estudiante','pmanzanoco@unsa.edu.pe',963727109),(659,70772440,20181415,'Jaume','Muñoz Galera','estudiante','jmunozga@unsa.edu.pe',942506758),(660,71627998,20181416,'Carlos','Gil Pérez','estudiante','cgilpe@unsa.edu.pe',962495173),(661,74243763,20181417,'Iván','Cabello Navarro','egresado','icabellona@outlook.com',944780748),(662,72815603,20181418,'José Carlos','Crespo Correa','egresado','jcrespoco@unsa.edu.pe',973815507),(663,70235558,20181419,'Juan José','Fernández Hernández','estudiante','jfernandezhe@outlook.com',995423817),(664,72489026,20181420,'Pedro','Luis Hermosilla','estudiante','pluishe@unsa.edu.pe',930449331),(665,71178849,20181421,'Tomas','Moreno Cantero','estudiante','tmorenoca@outlook.com',949369958),(666,73900504,20181422,'José Antonio','Fernández López','egresado','jfernandezlo@outlook.com',926597320),(667,73996555,20181423,'Ángeles','Guerrero Pérez','estudiante','aguerrerope@gmail.com',926151228),(668,73376933,20181424,'Lucia','Rodríguez Vázquez','egresado','lrodriguezva@outlook.com',981277623),(669,72011567,20181425,'María Carmen','Santiago Segura','egresado','msantiagose@gmail.com',973186942),(670,71292978,20181426,'Eva','Cañizares Romero','egresado','ecanizaresro@gmail.com',978496072),(671,71739558,20181427,'Inmaculada','Perera Estévez','estudiante','ipereraes@gmail.com',950651412),(672,70553246,20181428,'Juan','López Sánchez','estudiante','jlopezsa@outlook.com',979005412),(673,72137200,20181429,'José','Costa Benito','egresado','jcostabe@hotmail.com',933420407),(674,70258518,20181430,'José','Regueiro Vera','egresado','jregueirove@unsa.edu.pe',994034789),(675,71112673,20181431,'Carlos','Esteve Marín','estudiante','cestevema@outlook.com',906540881),(676,72711213,20181432,'Francisco','Gutiérrez Duro','egresado','fgutierrezdu@hotmail.com',918065557),(677,72529304,20181433,'Carmen','Caballero Hernández','estudiante','ccaballerohe@outlook.com',957079727),(678,71647746,20181434,'María Carmen','Franco Sabater','estudiante','mfrancosa@hotmail.com',972873924),(679,71060827,20181435,'Juan Carlos','Soto Ortega','estudiante','jsotoor@gmail.com',966160486),(680,73122632,20181436,'Miguel','Fernández Rodríguez','estudiante','mfernandezro@unsa.edu.pe',920316664),(681,70697132,20181437,'Joan','De la Peña Peralta','egresado','jde la penape@unsa.edu.pe',976166073),(682,74799358,20181438,'María','Pérez Berenguer','estudiante','mperezbe@outlook.com',970066334),(683,70052266,20181439,'Miguel','Rodríguez Sánchez','estudiante','mrodriguezsa@unsa.edu.pe',910094457),(684,72268988,20181440,'Manuel','Saiz Navarro','estudiante','msaizna@unsa.edu.pe',939458518),(685,72884117,20181441,'Teresa','Villarreal Vallejo','egresado','tvillarrealva@outlook.com',945184550),(686,71047874,20181442,'Antonio','Matías Martínez','egresado','amatiasma@unsa.edu.pe',947234076),(687,70313205,20181443,'Ángel','Bermejo Gimeno','egresado','abermejogi@outlook.com',975406664),(688,70036028,20181444,'Julio','Marcos López','estudiante','jmarcoslo@hotmail.com',987534318),(689,70380564,20181445,'Mercedes','Sánchez García','estudiante','msanchezga@gmail.com',955784465),(690,70553636,20181446,'Antonio','Solís González','egresado','asolisgo@outlook.com',946463192),(691,71628800,20181447,'Josefa','Sánchez Linares','estudiante','jsanchezli@outlook.com',945504996),(692,70568188,20181448,'Carlos','Herrero Egea','estudiante','cherreroeg@outlook.com',986763841),(693,72829587,20181449,'Jaime','Llano Gutiérrez','estudiante','jllanogu@gmail.com',965377543),(694,72579844,20181450,'Álvaro','Suero Martínez','estudiante','asueroma@hotmail.com',983641409),(695,73263254,20181451,'María Luisa','Fernández Juárez','profesor','mfernandezju@hotmail.com',978478279),(696,70399408,20181452,'Paula','Sanjuán Cáceres','estudiante','psanjuanca@gmail.com',901032516),(697,70070515,20181453,'Antonia','Duran Rojas','egresado','aduranro@gmail.com',914238440),(698,73269655,20181454,'David','Fabregat Ruiz','egresado','dfabregatru@gmail.com',901601892),(699,71369780,20181455,'María Rosario','Ulloa Alfaro','egresado','mulloaal@outlook.com',971750655),(700,72486432,20181456,'José Antonio','Blanco Pérez','estudiante','jblancope@outlook.com',918301357),(701,73678364,20181457,'Carmen','Sáez Sevilla','estudiante','csaezse@hotmail.com',909628118),(702,70801676,20181458,'Antonio','Palmer Grande','egresado','apalmergr@outlook.com',971395369),(703,70662282,20181459,'María Dolores','Martin Mora','estudiante','mmartinmo@unsa.edu.pe',926015493),(704,73693334,20181460,'Jorge','Rodríguez Álvarez','egresado','jrodriguezal@hotmail.com',953512725),(705,72010097,20181461,'Víctor','Ruiz Domínguez','estudiante','vruizdo@outlook.com',918429686),(706,74228731,20181462,'Agustín','Miranda Pastor','estudiante','amirandapa@hotmail.com',900855620),(707,73274006,20181463,'Josefa','Matías Da Silva','estudiante','jmatiasda@unsa.edu.pe',918761960),(708,73240309,20181464,'María Carmen','Peral Sánchez','estudiante','mperalsa@outlook.com',923623051),(709,71568026,20181465,'Ramón','Rosado Hurtado','estudiante','rrosadohu@unsa.edu.pe',980694530),(710,70420356,20181466,'José','Miro Oliver','egresado','jmirool@gmail.com',932860658),(711,73837427,20181467,'Ignacio','Romero Soto','estudiante','iromeroso@gmail.com',932587733),(712,72949948,20181468,'Juan José','Torres Coello','estudiante','jtorresco@outlook.com',970405365),(713,71482332,20181469,'Jesús','Gamero García','egresado','jgameroga@unsa.edu.pe',933005677),(714,70347838,20181470,'Jesús','Sanz Martínez','estudiante','jsanzma@hotmail.com',921995572),(715,70509329,20181471,'Laura','Martínez Vargas','egresado','lmartinezva@unsa.edu.pe',981469021),(716,71319735,20181472,'José Manuel','Conde Pérez','estudiante','jcondepe@hotmail.com',949733824),(717,73557414,20181473,'Elena','Gómez Martínez','egresado','egomezma@gmail.com',944096357),(718,72816185,20181474,'Catalina','Gómez Fernández','egresado','cgomezfe@hotmail.com',987333549),(719,71054358,20181475,'Daniel','Rodríguez Cano','estudiante','drodriguezca@outlook.com',987717151),(720,72240424,20181476,'Jesús','Torres Muñoz','estudiante','jtorresmu@hotmail.com',919539521),(721,73873185,20181477,'Juan','Reina Prado','estudiante','jreinapr@unsa.edu.pe',978783172),(722,73705877,20181478,'Sara','García Maldonado','estudiante','sgarciama@gmail.com',929243992),(723,70795495,20181479,'Cristina','Guillen Urbina','estudiante','cguillenur@outlook.com',981234185),(724,70994801,20181480,'María','Saavedra Aragón','egresado','msaavedraar@unsa.edu.pe',903451122),(725,70811776,20181481,'Ángeles','Manso Ocaña','estudiante','amansooc@gmail.com',991592024),(726,70932947,20181482,'Manuel','Martínez García','estudiante','mmartinezga@gmail.com',942145346),(727,71822343,20181483,'Francisca','Barceló Pérez','egresado','fbarcelope@gmail.com',938279466),(728,74364337,20181484,'Roberto','Cifuentes Ruano','estudiante','rcifuentesru@outlook.com',994296903),(729,72818212,20181485,'Rosario','Moreno González','egresado','rmorenogo@unsa.edu.pe',924182319),(730,71772173,20181486,'José Antonio','Gracia Rodríguez','estudiante','jgraciaro@outlook.com',938935503),(731,70969746,20181487,'José Manuel','Moure Escribano','estudiante','jmourees@outlook.com',986846050),(732,72816585,20181488,'Miguel Ángel','Martin Amador','estudiante','mmartinam@gmail.com',945426593),(733,72157635,20181489,'José María','Abril Rodríguez','estudiante','jabrilro@hotmail.com',959071199),(734,73601858,20181490,'Raquel','Sánchez Pereira','estudiante','rsanchezpe@gmail.com',947567782),(735,72067357,20181491,'Miguel Ángel','Fernández Fernández','egresado','mfernandezfe@gmail.com',943170169),(736,73179098,20181492,'Juan','Alfonso Sánchez','estudiante','jalfonsosa@gmail.com',982092485),(737,72057658,20181493,'Natalia','Gutiérrez Carrillo','estudiante','ngutierrezca@gmail.com',955493134),(738,70693937,20181494,'Miguel Ángel','Hernández Maroto','egresado','mhernandezma@gmail.com',969043624),(739,71769299,20181495,'Antonio','Merchán Jiménez','estudiante','amerchanji@unsa.edu.pe',914306024),(740,70577898,20181496,'Daniel','Puche Vicente','estudiante','dpuchevi@unsa.edu.pe',912228586),(741,70521402,20181497,'Manuel','Martin Diez','estudiante','mmartindi@outlook.com',945141472),(742,70630893,20181498,'José María','Rodríguez Martínez','estudiante','jrodriguezma@unsa.edu.pe',985062807),(743,73585873,20181499,'Francisco','Moreno Martínez','estudiante','fmorenoma@hotmail.com',922973390),(744,74554587,20181500,'Ana María','Vega Martínez','estudiante','avegama@unsa.edu.pe',966300734),(745,72103032,20181501,'María Pilar','Canales Navarro','estudiante','mcanalesna@outlook.com',946588478),(746,73638379,20181502,'Salvador','Novoa Marques','estudiante','snovoama@gmail.com',986015922),(747,72725217,20181503,'Ramón','Hernández Martínez','egresado','rhernandezma@gmail.com',991627111),(748,72949983,20181504,'Juan','Alegre Fernández','egresado','jalegrefe@hotmail.com',909935583),(749,73043529,20181505,'Carlos','Abad Nevado','estudiante','cabadne@hotmail.com',959488954),(750,71237091,20181506,'Carmen','España Navarro','egresado','cespanana@outlook.com',973551632),(751,74607902,20181507,'Javier','Bas Casal','estudiante','jbasca@outlook.com',980008918),(752,73517014,20181508,'María Pilar','Martin Bejarano','estudiante','mmartinbe@outlook.com',972304307),(753,73099368,20181509,'Rosario','Notario Maldonado','estudiante','rnotarioma@outlook.com',993152859),(754,72939668,20181510,'Francisco José','Castellanos Guillamón','estudiante','fcastellanosgu@hotmail.com',937933316),(755,74089590,20181511,'Laura','Morente Arias','egresado','lmorentear@unsa.edu.pe',937789032),(756,73976423,20181512,'Esther','Ferreira Rodríguez','estudiante','eferreiraro@hotmail.com',971740829),(757,71476076,20181513,'María Teresa','Rodríguez Álvarez','estudiante','mrodriguezal@gmail.com',913505935),(758,71300416,20181514,'María Pilar','Gil Muñoz','egresado','mgilmu@unsa.edu.pe',905202881),(759,74506659,20181515,'Adrián','Reina López','estudiante','areinalo@gmail.com',917617513),(760,70014059,20181516,'Marc','Villar Roma','estudiante','mvillarro@unsa.edu.pe',981337614),(761,71287414,20181517,'Alberto','González Torres','estudiante','agonzalezto@gmail.com',957889094),(762,74527820,20181518,'Juan Carlos','Del Rio García','estudiante','jdel rioga@gmail.com',984412086),(763,72996777,20181519,'Ángel','Plaza Guirado','estudiante','aplazagu@hotmail.com',912744899),(764,71568207,20181520,'Miguel','Marín Barrera','estudiante','mmarinba@hotmail.com',987356673),(765,72062035,20181521,'Jesús','Dimitrov Polo','estudiante','jdimitrovpo@outlook.com',919597016),(766,73399373,20181522,'Juan','Marco Duran','estudiante','jmarcodu@outlook.com',983678361),(767,70313587,20181523,'José Manuel','Gómez Carrillo','estudiante','jgomezca@hotmail.com',980279063),(768,74569123,20181524,'José Manuel','Matos Carrasco','estudiante','jmatosca@unsa.edu.pe',958788110),(769,74231729,20181525,'María Carmen','Lozano Belda','egresado','mlozanobe@gmail.com',978075308),(770,73712757,20181526,'Francisco Javier','Valero Blanco','estudiante','fvalerobl@hotmail.com',993139114),(771,70306471,20181527,'Josefa','López Cruz','estudiante','jlopezcr@hotmail.com',948909063),(772,74518974,20181528,'Roberto','Martínez Sánchez','estudiante','rmartinezsa@unsa.edu.pe',983407998),(773,71412430,20181529,'Jordi','Andrés Báez','estudiante','jandresba@hotmail.com',933714890),(774,74377283,20181530,'Javier','Bueno Redondo','estudiante','jbuenore@unsa.edu.pe',903975439),(775,72741864,20181531,'Luis','Velázquez Morón','egresado','lvelazquezmo@outlook.com',988784172),(776,71802349,20181532,'Teresa','Pascual Montes','estudiante','tpascualmo@gmail.com',975396291),(777,72754838,20181533,'José','Moral Vidal','estudiante','jmoralvi@hotmail.com',915538711),(778,74762569,20181534,'Francisco Javier','Pereira Gallardo','estudiante','fpereiraga@gmail.com',913902031),(779,70207135,20181535,'Carmen','Valles Boluda','estudiante','cvallesbo@unsa.edu.pe',920819475),(780,72622506,20181536,'Ramón','Santos Ruiz','egresado','rsantosru@outlook.com',962806791),(781,70983711,20181537,'Jordi','Martin Del Castillo','egresado','jmartinde@hotmail.com',986514560),(782,71196035,20181538,'Josefa','Catalá Piedra','estudiante','jcatalapi@gmail.com',986570722),(783,73900436,20181539,'María Dolores','Maroto Ojeda','estudiante','mmarotooj@gmail.com',977215879),(784,73821317,20181540,'Antonio','Cortes Navarro','estudiante','acortesna@outlook.com',955771334),(785,70226404,20181541,'Concepción','Rodríguez Guerra','estudiante','crodriguezgu@unsa.edu.pe',951986287),(786,72694444,20181542,'Manuel','Alarcón Muñoz','estudiante','malarconmu@hotmail.com',950894098),(787,70341188,20181543,'José Manuel','García Calviño','estudiante','jgarciaca@hotmail.com',999451852),(788,73772146,20181544,'María Teresa','Cortes Rodríguez','estudiante','mcortesro@hotmail.com',992935271),(789,70772653,20181545,'Carmen','Pérez Casanova','estudiante','cperezca@hotmail.com',978258570),(790,73828715,20181546,'Marta','Caballero Gómez','estudiante','mcaballerogo@outlook.com',942791628),(791,71730802,20181547,'Susana','Garrido Hinojosa','egresado','sgarridohi@outlook.com',994935000),(792,74171035,20181548,'María Josefa','Martin Martin','estudiante','mmartinma@hotmail.com',934540711),(793,72886317,20181549,'María','Romero Lorente','profesor','mromerolo@gmail.com',921652547),(794,73576906,20181550,'Agustina','Soares Zamorano','estudiante','asoaresza@outlook.com',990522401),(795,74387584,20181551,'Jesús','Lucena Rio','egresado','jlucenari@hotmail.com',918184594),(796,70935696,20181552,'Isabel','Batista Márquez','egresado','ibatistama@gmail.com',998058174),(797,72964215,20181553,'Juan José','Rico Alonso','egresado','jricoal@outlook.com',957207239),(798,74064245,20181554,'María','Marco Fonseca','estudiante','mmarcofo@outlook.com',954525527),(799,72766931,20181555,'Ramón','Álvarez Canto','estudiante','ralvarezca@unsa.edu.pe',994914076),(800,71352398,20181556,'Antonio Jesús','Barrio Padin','estudiante','abarriopa@outlook.com',942252481),(801,74264466,20181557,'Isabel','Peña Valenzuela','estudiante','ipenava@outlook.com',905326483),(802,70399030,20181558,'María Teresa','García Mena','egresado','mgarciame@gmail.com',922920679),(803,73692103,20181559,'Manuela','Alfonso Uría','egresado','malfonsour@unsa.edu.pe',957308282),(804,74898535,20181560,'Joaquín','Velázquez Esteban','estudiante','jvelazquezes@hotmail.com',959992775),(805,74704611,20181561,'Lucia','Elías Moro','estudiante','leliasmo@hotmail.com',912996717),(806,71187777,20181562,'Manuel','Fernández Aracil','egresado','mfernandezar@hotmail.com',926540562),(807,71084505,20181563,'Javier','Mir Cepeda','estudiante','jmirce@outlook.com',972566593),(808,72979538,20181564,'Beatriz','Navas González','egresado','bnavasgo@gmail.com',958169342),(809,74756583,20181565,'Josefa','Pazos Molina','estudiante','jpazosmo@outlook.com',902194881),(810,70194234,20181566,'María Angustias','Dávila Ruiz','estudiante','mdavilaru@gmail.com',948555531),(811,71292078,20181567,'José Vicente','Martin González','egresado','jmartingo@unsa.edu.pe',913376450),(812,73746402,20181568,'María','Fernández Valladares','egresado','mfernandezva@unsa.edu.pe',987699886),(813,72501840,20181569,'Josefa','García Mora','estudiante','jgarciamo@unsa.edu.pe',977744465),(814,73435814,20181570,'Javier','Cañete Allende','estudiante','jcaneteal@hotmail.com',904742149),(815,71266356,20181571,'Rafael','Guerrero Mur','estudiante','rguerreromu@unsa.edu.pe',931862594),(816,71250912,20181572,'Ana','Gonzales Castaño','estudiante','agonzalesca@gmail.com',917241622),(817,70717433,20181573,'María Ángeles','Aguilar Sánchez','egresado','maguilarsa@unsa.edu.pe',992642876),(818,71478576,20181574,'María José','Martin Plana','egresado','mmartinpl@hotmail.com',988488689),(819,71884664,20181575,'Joaquín','Hernández Suarez','estudiante','jhernandezsu@hotmail.com',980354212),(820,71334511,20181576,'Laura','Fernández González','estudiante','lfernandezgo@hotmail.com',937223678),(821,72042618,20181577,'Enrique','Herrera Martin','egresado','eherrerama@unsa.edu.pe',945011171),(822,73791495,20181578,'Adrián','Sáez Vega','estudiante','asaezve@outlook.com',962479744),(823,72038428,20181579,'Marc','Guerra Fernández','estudiante','mguerrafe@hotmail.com',928466338),(824,70072426,20181580,'Mercedes','Villar Valencia','estudiante','mvillarva@gmail.com',940715722),(825,71905870,20181581,'Gemma','Abad Martin','estudiante','gabadma@gmail.com',959832807),(826,73478165,20181582,'Alberto','Rodríguez Pino','egresado','arodriguezpi@gmail.com',939480126),(827,70053741,20181583,'Julián','Segarra Serrano','egresado','jsegarrase@unsa.edu.pe',923135068),(828,73724986,20181584,'Roberto','Álvarez Luna','egresado','ralvarezlu@unsa.edu.pe',997445287),(829,74897194,20181585,'Mercedes','López Ruiz','estudiante','mlopezru@gmail.com',955339076),(830,70426996,20181586,'Pablo','Poveda Piera','estudiante','ppovedapi@gmail.com',975617851),(831,74176237,20181587,'Ana','Lucas Barrio','estudiante','alucasba@outlook.com',947753009),(832,72554853,20181588,'María Isabel','Martínez Molinero','egresado','mmartinezmo@outlook.com',997346348),(833,71264887,20181589,'Daniel','López Pérez','egresado','dlopezpe@outlook.com',918969010),(834,71888445,20181590,'Juan','Ruiz Camacho','estudiante','jruizca@outlook.com',925142746),(835,73170969,20181591,'Juan José','González Georgiev','estudiante','jgonzalezge@unsa.edu.pe',974050232),(836,71830014,20181592,'María Carmen','Núñez Montes','estudiante','mnunezmo@gmail.com',938438679),(837,74939892,20181593,'José Antonio','Salido Sánchez','estudiante','jsalidosa@gmail.com',925776905),(838,70407400,20181594,'Ramón','Villa García','estudiante','rvillaga@hotmail.com',976955074),(839,71999014,20181595,'Lucia','García Castrillo','estudiante','lgarciaca@gmail.com',970117765),(840,71721081,20181596,'Inmaculada','Gómez Vila','estudiante','igomezvi@hotmail.com',908652058),(841,71208530,20181597,'Laura','Ramos Soriano','estudiante','lramosso@hotmail.com',944829534),(842,71620303,20181598,'Ángel','Pizarro De los Reyes','egresado','apizarrode@hotmail.com',943472898),(843,74441223,20181599,'Antonio','Rubio Bastida','egresado','arubioba@hotmail.com',942469463),(844,70564774,20181600,'Iván','Carrasco Val','egresado','icarrascova@gmail.com',968764768),(845,72765362,20181601,'Ángel','Ramos Alcalde','estudiante','aramosal@gmail.com',957742244),(846,74118780,20181602,'Francisco','Martí Alcalá','estudiante','fmartial@gmail.com',982094933),(847,72560907,20181603,'Daniel','Bustos Asensio','estudiante','dbustosas@outlook.com',982244092),(848,72116022,20181604,'María Josefa','García Alcalde','egresado','mgarciaal@outlook.com',904469729),(849,71595975,20181605,'Manuel','Martí Fernández','estudiante','mmartife@hotmail.com',962207028),(850,74576371,20181606,'María Carmen','Álvarez Romero','estudiante','malvarezro@hotmail.com',922669742),(851,74394189,20181607,'Concepción','Fernández Laguna','egresado','cfernandezla@unsa.edu.pe',926014482),(852,74158165,20181608,'Ana','Bañon Díaz','estudiante','abanondi@outlook.com',910461263),(853,70640815,20181609,'María Lourdes','Iglesias Cárdenas','egresado','miglesiasca@hotmail.com',924456091),(854,70067852,20181610,'Alicia','Seijo Aguilera','estudiante','aseijoag@hotmail.com',936131393),(855,74514169,20181611,'María Carmen','Arias García','estudiante','mariasga@outlook.com',991320184),(856,70998784,20181612,'Julia','Del Valle Gil','estudiante','jdel vallegi@unsa.edu.pe',990017654),(857,70061749,20181613,'Javier','Muñoz Sánchez','estudiante','jmunozsa@outlook.com',951360898),(858,72157725,20181614,'María Concepción','Cortes Díaz','estudiante','mcortesdi@unsa.edu.pe',969147651),(859,71684977,20181615,'Juan José','Cordero Gutiérrez','estudiante','jcorderogu@hotmail.com',993556105),(860,74978985,20181616,'Roberto','Bayo Giraldo','estudiante','rbayogi@hotmail.com',924797654),(861,74448376,20181617,'Antonio','Sebastián Burgos','egresado','asebastianbu@outlook.com',953974561),(862,73814515,20181618,'José Manuel','Garmendia Ferrera','estudiante','jgarmendiafe@hotmail.com',976003898),(863,73190707,20181619,'Juan Antonio','Martínez Pérez','profesor','jmartinezpe@hotmail.com',932907715),(864,73593013,20181620,'Manuel','Peña Ruiz','egresado','mpenaru@gmail.com',986724429),(865,71832166,20181621,'Jaime','García Mora','estudiante','jgarciamo@outlook.com',900880450),(866,70571416,20181622,'Carmen','Galán Muñoz','estudiante','cgalanmu@gmail.com',988204868),(867,71347638,20181623,'Manuel','Melero Castillo','estudiante','mmeleroca@hotmail.com',975980534),(868,73132977,20181624,'Marta','Sánchez Díaz','estudiante','msanchezdi@hotmail.com',916063630),(869,72284775,20181625,'Adrián','Diez Rodríguez','estudiante','adiezro@unsa.edu.pe',940720357),(870,74178256,20181626,'José Luis','Melgar Blasco','egresado','jmelgarbl@unsa.edu.pe',907424859),(871,71895595,20181627,'Miguel','Rodríguez Martin','egresado','mrodriguezma@gmail.com',992977531),(872,72132589,20181628,'Miguel Ángel','Suarez Domínguez','estudiante','msuarezdo@outlook.com',969171706),(873,73152822,20181629,'David','De Oliveira Barrera','estudiante','dde oliveiraba@gmail.com',910977202),(874,72401185,20181630,'Vicente','Cañellas Moreno','egresado','vcanellasmo@outlook.com',916286772),(875,72953403,20181631,'María José','De la Torre Lorenzo','egresado','mde la torrelo@outlook.com',933472282),(876,74478060,20181632,'Juan','Adame Lorente','egresado','jadamelo@hotmail.com',959760165),(877,72776381,20181633,'María','Fernández Reyes','estudiante','mfernandezre@gmail.com',939543417),(878,72143521,20181634,'María','Pastor Calvo','estudiante','mpastorca@unsa.edu.pe',921608637),(879,71720373,20181635,'Francisco','Gil Alves','profesor','fgilal@outlook.com',913198877),(880,73533897,20181636,'Anna','Fernández Sánchez','egresado','afernandezsa@gmail.com',982823422),(881,73674583,20181637,'Diego','Lázaro Torres','egresado','dlazaroto@unsa.edu.pe',906683957),(882,72877426,20181638,'Francisco','Núñez Pastor','egresado','fnunezpa@outlook.com',906452414),(883,71300192,20181639,'Luis','Márquez Martin','egresado','lmarquezma@outlook.com',901165183),(884,70790982,20181640,'Manuel','Núñez Ramos','egresado','mnunezra@gmail.com',990528656),(885,73238102,20181641,'María Carmen','Villa Gómez','estudiante','mvillago@outlook.com',980108397),(886,73222483,20181642,'Francisco','Rodríguez Herreros','estudiante','frodriguezhe@hotmail.com',966314917),(887,70910150,20181643,'Anna','Ruiz Marco','egresado','aruizma@hotmail.com',918417970),(888,74174251,20181644,'Nuria','Villaescusa Moya','estudiante','nvillaescusamo@unsa.edu.pe',902572228),(889,74005951,20181645,'Concepción','González Navarro','estudiante','cgonzalezna@hotmail.com',947893504),(890,72760377,20181646,'José Antonio','Vives Pujol','estudiante','jvivespu@outlook.com',980757550),(891,73712049,20181647,'Pablo','Burgos Sánchez','estudiante','pburgossa@hotmail.com',908436248),(892,70056505,20181648,'Rosario','Campoy Vila','egresado','rcampoyvi@hotmail.com',944381666),(893,72742044,20181649,'Ángel','Miguel Espinoza','estudiante','amigueles@gmail.com',956076574),(894,70866932,20181650,'Alicia','Gijón Martí','estudiante','agijonma@outlook.com',988853332),(895,73587182,20181651,'María José','Bello Ruiz','estudiante','mbelloru@gmail.com',999514463),(896,70890792,20181652,'María Carmen','Díaz Santana','estudiante','mdiazsa@unsa.edu.pe',958450463),(897,71341971,20181653,'Cristina','Lorca Pérez','estudiante','clorcape@outlook.com',980650594),(898,73820710,20181654,'Iñigo','Real López','estudiante','ireallo@unsa.edu.pe',926538463),(899,71274499,20181655,'Fernando','Jiménez Casanova','estudiante','fjimenezca@hotmail.com',910005175),(900,71753123,20181656,'Mercedes','López Parra','profesor','mlopezpa@gmail.com',967243776),(901,74282599,20181657,'María','Sánchez Blanco','estudiante','msanchezbl@gmail.com',977553311),(902,74520918,20181658,'María José','Manzano Rodríguez','egresado','mmanzanoro@unsa.edu.pe',904366571),(903,71383947,20181659,'Javier','Cremades González','egresado','jcremadesgo@unsa.edu.pe',956688195),(904,70096212,20181660,'Antonia','Cardoso Fernández','estudiante','acardosofe@gmail.com',920735441),(905,72908777,20181661,'Adrián','Bárcena Antón','estudiante','abarcenaan@unsa.edu.pe',976575217),(906,73236918,20181662,'Javier','Cortes Suarez','estudiante','jcortessu@gmail.com',954872467),(907,70720259,20181663,'Alicia','Jiménez Fernández','estudiante','ajimenezfe@outlook.com',957833173),(908,70888722,20181664,'María Dolores','García Ballesteros','estudiante','mgarciaba@gmail.com',981172409),(909,73317926,20181665,'Ana María','Muriel Pastor','estudiante','amurielpa@hotmail.com',917309292),(910,74343028,20181666,'Ángela','Ortega Chamorro','estudiante','aortegach@gmail.com',928067670),(911,73847573,20181667,'Francisca','Esteve Nieto','estudiante','festeveni@gmail.com',972997813),(912,70395042,20181668,'José','Padilla García','estudiante','jpadillaga@unsa.edu.pe',948109466),(913,70756006,20181669,'José Luis','González López','estudiante','jgonzalezlo@unsa.edu.pe',903399046),(914,74499723,20181670,'Juan Antonio','Agustín Guerra','estudiante','jagustingu@unsa.edu.pe',978262753),(915,73096845,20181671,'Rafael','Camacho Martínez','estudiante','rcamachoma@outlook.com',926372567),(916,71587521,20181672,'Montserrat','Gómez Herrera','estudiante','mgomezhe@hotmail.com',973959852),(917,73147443,20181673,'María Jesús','García Orellana','estudiante','mgarciaor@unsa.edu.pe',972798061),(918,72945995,20181674,'Manuel','Sierra Villanueva','egresado','msierravi@gmail.com',910006461),(919,74543548,20181675,'Rosario','Saiz Ruiz','estudiante','rsaizru@hotmail.com',946803711),(920,71427560,20181676,'Sergio','García Algaba','estudiante','sgarciaal@gmail.com',977783881),(921,70192213,20181677,'Francisco','Vega González','estudiante','fvegago@unsa.edu.pe',930460939),(922,71317369,20181678,'Jesús','Peña Barón','egresado','jpenaba@gmail.com',981152628),(923,73947758,20181679,'Mónica','Gil Vidal','estudiante','mgilvi@outlook.com',900269304),(924,72518367,20181680,'Antonio','Álvarez Ortiz','estudiante','aalvarezor@outlook.com',950273659),(925,70503124,20181681,'Carlos','Santana Regalado','estudiante','csantanare@outlook.com',995369082),(926,74140266,20181682,'Álvaro','Ripoll Iglesias','estudiante','aripollig@hotmail.com',908339695),(927,74275403,20181683,'Montserrat','Fuentes Dos Santos','estudiante','mfuentesdo@hotmail.com',932471393),(928,70125088,20181684,'Jesús','Solana García','estudiante','jsolanaga@outlook.com',957143783),(929,72319560,20181685,'Marta','Aragón Izquierdo','estudiante','maragoniz@hotmail.com',980253882),(930,73464196,20181686,'Víctor','Mateos Fuentes','estudiante','vmateosfu@gmail.com',912516299),(931,74872716,20181687,'Paula','Da Silva Gutiérrez','egresado','pda silvagu@gmail.com',955943322),(932,70410763,20181688,'Cristina','García Álvarez','egresado','cgarciaal@hotmail.com',905895060),(933,73802777,20181689,'Teresa','Blanco Herrera','egresado','tblancohe@outlook.com',921732388),(934,72060720,20181690,'María Luisa','Ramos González','estudiante','mramosgo@unsa.edu.pe',979866051),(935,71407029,20181691,'María Concepción','Vegas Vélez','estudiante','mvegasve@hotmail.com',908484119),(936,74203807,20181692,'Luis','Morales Izquierdo','estudiante','lmoralesiz@gmail.com',913771492),(937,70890196,20181693,'Elena','Cabrero Álvarez','estudiante','ecabreroal@outlook.com',956130285),(938,71584015,20181694,'María Rosario','Domínguez Ruiz','estudiante','mdominguezru@gmail.com',947401628),(939,74456998,20181695,'Ana María','Chamorro García','egresado','achamorroga@hotmail.com',988428131),(940,74799101,20181696,'Pilar','Cabrera Román','egresado','pcabreraro@hotmail.com',969490357),(941,70431352,20181697,'María Teresa','Garrido Robles','estudiante','mgarridoro@outlook.com',961090879),(942,72022128,20181698,'David','Vaca Lavado','estudiante','dvacala@hotmail.com',921156752),(943,73045976,20181699,'Ana María','Pallares Dos Santos','estudiante','apallaresdo@gmail.com',947699438),(944,73290992,20181700,'Antonio','Ortega Sánchez','estudiante','aortegasa@outlook.com',928082143),(945,74684511,20181701,'Rosario','Lázaro Félix','estudiante','rlazarofe@outlook.com',962388755),(946,72345463,20181702,'Beatriz','Escobedo Agulló','egresado','bescobedoag@gmail.com',923329044),(947,71499092,20181703,'Jorge','López Calderón','egresado','jlopezca@unsa.edu.pe',928456563),(948,71001683,20181704,'Fernando','González Roca','estudiante','fgonzalezro@unsa.edu.pe',937832846),(949,70359324,20181705,'Antonia','Manjón Carbonell','estudiante','amanjonca@unsa.edu.pe',921279642),(950,73070178,20181706,'María Ángeles','Ramón Fernández','egresado','mramonfe@unsa.edu.pe',958117019),(951,73999642,20181707,'Francisca','Gonzalo Mérida','estudiante','fgonzalome@outlook.com',964864374),(952,74412514,20181708,'David','Soriano Ferrero','estudiante','dsorianofe@gmail.com',950882578),(953,74870516,20181709,'Félix','Martínez Rivas','estudiante','fmartinezri@unsa.edu.pe',940074664),(954,70282443,20181710,'Nuria','Del Valle Galiana','estudiante','ndel vallega@outlook.com',934443791),(955,70825196,20181711,'María Pilar','Rodríguez Álvarez','estudiante','mrodriguezal@outlook.com',971405147),(956,70207995,20181712,'María José','Herrador Brito','estudiante','mherradorbr@gmail.com',979164681),(957,74355927,20181713,'Joaquín','García Moreno','estudiante','jgarciamo@gmail.com',994084783),(958,74428158,20181714,'Jesús','Valles Bueno','estudiante','jvallesbu@hotmail.com',998187778),(959,71039227,20181715,'Raúl','Pérez Cano','estudiante','rperezca@outlook.com',913046863),(960,71522662,20181716,'José Luis','Caballero Serrano','estudiante','jcaballerose@hotmail.com',932511874),(961,70086680,20181717,'Ana María','Gómez Suarez','egresado','agomezsu@hotmail.com',929232005),(962,72096994,20181718,'Juan Antonio','Ramírez Estévez','estudiante','jramirezes@unsa.edu.pe',901345058),(963,71185910,20181719,'Francisco','Rodríguez Saavedra','estudiante','frodriguezsa@hotmail.com',963639392),(964,71519528,20181720,'Miguel Ángel','Moreno Palmero','estudiante','mmorenopa@unsa.edu.pe',941905246),(965,73600805,20181721,'Ramón','Bueno Roura','estudiante','rbuenoro@unsa.edu.pe',948663940),(966,73540712,20181722,'Sergio','García Cabrera','estudiante','sgarciaca@hotmail.com',968418532),(967,73659007,20181723,'José Antonio','Del Rio Estrada','estudiante','jdel rioes@outlook.com',978508661),(968,70474958,20181724,'José Antonio','Abellán Prieto','estudiante','jabellanpr@hotmail.com',998572524),(969,72416224,20181725,'Andrea','García Ruiz','estudiante','agarciaru@unsa.edu.pe',942222526),(970,71960385,20181726,'Jesús María','Torralba Mir','egresado','jtorralbami@unsa.edu.pe',903891383),(971,74795650,20181727,'Jesús','Ramírez Vega','estudiante','jramirezve@hotmail.com',984307788),(972,71697599,20181728,'María Dolores','Laso Cañas','estudiante','mlasoca@outlook.com',945609985),(973,74009818,20181729,'Jesús','Bertrán Sánchez','egresado','jbertransa@gmail.com',948223034),(974,72164831,20181730,'Marta','Torres Vázquez','estudiante','mtorresva@hotmail.com',946502317),(975,71458104,20181731,'Isabel','Ferrer Moreno','estudiante','iferrermo@unsa.edu.pe',909313074),(976,74454996,20181732,'Miguel','Torrico Cárdenas','estudiante','mtorricoca@outlook.com',983061322),(977,73308691,20181733,'Daniel','Ortiz Frutos','egresado','dortizfr@outlook.com',924862741),(978,73511712,20181734,'Juan','Díaz Moreno','estudiante','jdiazmo@outlook.com',915546561),(979,72447814,20181735,'María Pilar','De Pablo Bajo','estudiante','mde pabloba@outlook.com',982659531),(980,74717039,20181736,'Cristina','Domínguez Ballesteros','estudiante','cdominguezba@unsa.edu.pe',900356703),(981,74785114,20181737,'Francisco','Fernández Espinosa','estudiante','ffernandezes@gmail.com',957999355),(982,71386748,20181738,'Dolores','Expósito Fernández','estudiante','dexpositofe@gmail.com',942132928),(983,74655621,20181739,'Manuel','Guillen González','egresado','mguillengo@outlook.com',992821313),(984,73698486,20181740,'Diego','Moreno López','egresado','dmorenolo@unsa.edu.pe',995592863),(985,71026324,20181741,'David','Díaz Monroy','estudiante','ddiazmo@gmail.com',908947535),(986,73181934,20181742,'Antonio','Amorós Muñoz','estudiante','aamorosmu@outlook.com',956034315),(987,70014894,20181743,'Roberto','Muñoz Montoya','estudiante','rmunozmo@gmail.com',942396471),(988,73550730,20181744,'Alberto','Cabeza Valero','estudiante','acabezava@hotmail.com',986982072),(989,70874302,20181745,'Josep','Pascual Font','egresado','jpascualfo@outlook.com',928280785),(990,74161817,20181746,'Juan','Arias Pastor','estudiante','jariaspa@outlook.com',965069109),(991,72597459,20181747,'José Luis','Fernández Corral','estudiante','jfernandezco@outlook.com',948295373),(992,71807032,20181748,'José Antonio','Blasco Sáenz','estudiante','jblascosa@outlook.com',947070988),(993,73427038,20181749,'María Luisa','Ndiaye Luque','estudiante','mndiayelu@unsa.edu.pe',922262724),(994,73330992,20181750,'David','Camarero García','estudiante','dcamareroga@hotmail.com',921322813),(995,71467295,20181751,'Francisco','Marín Martínez','egresado','fmarinma@unsa.edu.pe',989143670),(996,73291345,20181752,'María Teresa','Ávila Pérez','egresado','mavilape@gmail.com',960945634),(997,72467225,20181753,'Carlos','Moreno Gil','profesor','cmorenogi@outlook.com',951016074),(998,70015238,20181754,'Iván','Duran Garrido','estudiante','iduranga@unsa.edu.pe',953185860),(999,72664919,20181755,'María Carmen','Dueñas Martí','estudiante','mduenasma@gmail.com',904797596),(1000,73136500,20181756,'Irene','Higueras Flores','estudiante','ihiguerasfl@hotmail.com',906893436);
/*!40000 ALTER TABLE `persona` ENABLE KEYS */;
UNLOCK TABLES;

--
-- Table structure for table `usuarios`
--

DROP TABLE IF EXISTS `usuarios`;
/*!40101 SET @saved_cs_client     = @@character_set_client */;
/*!40101 SET character_set_client = utf8 */;
CREATE TABLE `usuarios` (
  `id` int(11) NOT NULL AUTO_INCREMENT,
  `username` varchar(20) NOT NULL,
  `password` varchar(80) NOT NULL,
  `nombre` varchar(30) NOT NULL,
  `apellidos` varchar(30) NOT NULL,
  `cargo` varchar(30) NOT NULL,
  `correo` varchar(60) NOT NULL,
  PRIMARY KEY (`id`)
) ENGINE=InnoDB AUTO_INCREMENT=4 DEFAULT CHARSET=utf8mb4;
/*!40101 SET character_set_client = @saved_cs_client */;

--
-- Dumping data for table `usuarios`
--

LOCK TABLES `usuarios` WRITE;
/*!40000 ALTER TABLE `usuarios` DISABLE KEYS */;
INSERT INTO `usuarios` VALUES (0,'admin','$2y$10$1rRClXr9WtterjoucyMhg.Ks7ILbZuUePFN2WHZzaJbWTyzMuBd6W','Admin','Admin','Administrador','admin@unsa.edu.pe'),(1,'missraquel','$2y$10$GkAGO3ds7qo536s8fiwTpOUMon9yvy0K/Z8zifIAf.AEI16sPD0U.','Raquel','Snow','Secretaria Principal','missraquel@unsa.edu.pe'),(2,'secretaria2','$2y$10$Pf9/dqTIslGjb6u2NW9tFOdcaQr7ljlSTvs18JEIpltUrI2pWh5dq','Secretaria','2','Secretaria','secretaria@unsa.edu.pe'),(3,'director','$2y$10$Vhjci5rqK.8a.DHgskLNa.rAYFB.4U/s8Zj9oPz3EXOJD0wGApflC','Wilber','Lovón','Director','wilber@unsa.edu.pe');
/*!40000 ALTER TABLE `usuarios` ENABLE KEYS */;
UNLOCK TABLES;

--
-- Table structure for table `documentos`
--

DROP TABLE IF EXISTS `documentos`;
/*!40101 SET @saved_cs_client     = @@character_set_client */;
/*!40101 SET character_set_client = utf8 */;
CREATE TABLE `documentos` (
  `expediente` varchar(15) NOT NULL,
  `nombre_doc` varchar(50) NOT NULL,
  `tipo_doc` varchar(20) NOT NULL,
  `persona_id` int(11) DEFAULT NULL,
  `fecha_entrega` date DEFAULT NULL,
  `fecha_vencimiento` date DEFAULT NULL,
  `usuario_id` int(11) NOT NULL,
  `estado` varchar(45) NOT NULL,
  `directorio` varchar(200) DEFAULT NULL,
  PRIMARY KEY (`expediente`),
  KEY `FK_PersonaDocumento` (`persona_id`),
  KEY `FK_UsuarioDocumento` (`usuario_id`),
  CONSTRAINT `FK_PersonaDocumento` FOREIGN KEY (`persona_id`) REFERENCES `persona` (`id`),
  CONSTRAINT `FK_UsuarioDocumento` FOREIGN KEY (`usuario_id`) REFERENCES `usuarios` (`id`)
) ENGINE=InnoDB DEFAULT CHARSET=utf8mb4;
/*!40101 SET character_set_client = @saved_cs_client */;

--
-- Dumping data for table `documentos`
--

LOCK TABLES `documentos` WRITE;
/*!40000 ALTER TABLE `documentos` DISABLE KEYS */;
INSERT INTO `documentos` VALUES ('A0002','Prueba','carta',20,'2020-07-19','2020-07-23',2,'pendiente','C://UNSA'),('CE7653','Constancia de Retiro','constancia',158,'2019-08-08','2019-08-22',1,'pendiente','C:\\Documentos\\UNSA\\CC\\constancia\\'),('CE7790','Constancia de Matricula','constancia',335,'2019-08-20','2019-09-04',3,'archivado','C:\\Documentos\\UNSA\\CC\\constancia\\'),('CE7802','Constancia de Retiro','constancia',893,'2019-09-17','2019-09-25',2,'archivado','C:\\Documentos\\UNSA\\CC\\constancia\\'),('CE7803','Constancia de Retiro','constancia',289,'2020-06-03','2020-06-13',2,'pendiente','C:\\Documentos\\UNSA\\CC\\constancia\\'),('CE7982','Constancia de Retiro','constancia',319,'2019-12-29','2020-01-13',3,'anulado','C:\\Documentos\\UNSA\\CC\\constancia\\'),('CE7997','Constancia de Retiro','constancia',515,'2019-11-10','2019-11-18',2,'anulado','C:\\Documentos\\UNSA\\CC\\constancia\\'),('CE8168','Solicitud de Créditos','solicitud',607,'2019-10-16','2019-10-26',2,'anulado','C:\\Documentos\\UNSA\\CC\\solicitud\\'),('CE8194','Constancia de Retiro','constancia',228,'2019-12-21','2019-12-31',3,'archivado','C:\\Documentos\\UNSA\\CC\\constancia\\'),('CE8255','Memorandum Institucional','memorandum',819,'2020-01-23','2020-01-31',3,'pendiente','C:\\Documentos\\UNSA\\CC\\memorandum\\'),('CE8310','Constancia de Matricula','constancia',132,'2019-09-29','2019-10-07',2,'pendiente','C:\\Documentos\\UNSA\\CC\\constancia\\'),('CE8424','Solicitud de Créditos','solicitud',718,'2020-07-08','2020-07-20',2,'archivado','C:\\Documentos\\UNSA\\CC\\solicitud\\'),('CE8658','Solicitud de Créditos','solicitud',535,'2019-11-04','2019-11-09',1,'archivado','C:\\Documentos\\UNSA\\CC\\solicitud\\'),('CE8714','Solicitud de Créditos','solicitud',258,'2020-05-26','2020-06-05',2,'archivado','C:\\Documentos\\UNSA\\CC\\solicitud\\'),('CE8785','Constancia de Retiro','constancia',22,'2019-11-15','2019-11-22',3,'archivado','C:\\Documentos\\UNSA\\CC\\constancia\\'),('CE9045','Solicitud de Créditos','solicitud',37,'2020-02-18','2020-02-27',1,'archivado','C:\\Documentos\\UNSA\\CC\\solicitud\\'),('CE9107','Solicitud de Créditos','solicitud',457,'2020-04-28','2020-05-08',3,'anulado','C:\\Documentos\\UNSA\\CC\\solicitud\\'),('CE9399','Solicitud de Créditos','solicitud',981,'2019-09-21','2019-09-30',2,'archivado','C:\\Documentos\\UNSA\\CC\\solicitud\\'),('CE9406','Constancia de Matricula','constancia',210,'2019-11-16','2019-11-26',2,'archivado','C:\\Documentos\\UNSA\\CC\\constancia\\'),('CE9432','Constancia de Matricula','constancia',516,'2019-08-10','2019-08-24',1,'pendiente','C:\\Documentos\\UNSA\\CC\\constancia\\'),('CE9455','Solicitud de Créditos','solicitud',783,'2019-12-08','2019-12-22',2,'pendiente','C:\\Documentos\\UNSA\\CC\\solicitud\\'),('CE9565','Memorandum Institucional','memorandum',721,'2019-11-16','2019-11-28',3,'archivado','C:\\Documentos\\UNSA\\CC\\memorandum\\'),('CE9639','Correo Importante','correo',582,'2020-06-16','2020-06-22',3,'archivado','C:\\Documentos\\UNSA\\CC\\correo\\'),('CE9704','Constancia de Matricula','constancia',828,'2020-02-15','2020-02-28',3,'anulado','C:\\Documentos\\UNSA\\CC\\constancia\\'),('CE9736','Memorandum Institucional','memorandum',61,'2020-05-03','2020-05-18',1,'pendiente','C:\\Documentos\\UNSA\\CC\\memorandum\\'),('CE9859','Constancia de Matricula','constancia',107,'2020-05-27','2020-06-10',1,'archivado','C:\\Documentos\\UNSA\\CC\\constancia\\'),('CE9902','Constancia de Matricula','constancia',841,'2019-10-31','2019-11-14',3,'pendiente','C:\\Documentos\\UNSA\\CC\\constancia\\'),('CE9941','Constancia de Matricula','constancia',932,'2020-03-14','2020-03-19',3,'pendiente','C:\\Documentos\\UNSA\\CC\\constancia\\'),('CE9955','Correo Importante','correo',734,'2020-03-05','2020-03-18',1,'anulado','C:\\Documentos\\UNSA\\CC\\correo\\'),('CM1827','Constancia de Matricula','constancia',549,'2019-09-10','2019-09-18',1,'archivado','C:\\Documentos\\UNSA\\CC\\constancia\\'),('CM4575','Constancia de Matricula','constancia',224,'2020-06-06','2020-06-16',3,'archivado','C:\\Documentos\\UNSA\\CC\\constancia\\'),('CM5062','Constancia de Retiro','constancia',65,'2020-01-01','2020-01-13',1,'archivado','C:\\Documentos\\UNSA\\CC\\constancia\\'),('CM5085','Solicitud de Créditos','solicitud',322,'2019-10-05','2019-10-16',3,'archivado','C:\\Documentos\\UNSA\\CC\\solicitud\\'),('CM5279','Constancia de Retiro','constancia',363,'2020-02-05','2020-02-18',3,'pendiente','C:\\Documentos\\UNSA\\CC\\constancia\\'),('CM5336','Solicitud de Créditos','solicitud',304,'2020-06-15','2020-06-21',3,'anulado','C:\\Documentos\\UNSA\\CC\\solicitud\\'),('CM5363','Informe deAcreditación','informe',685,'2020-04-14','2020-04-22',1,'pendiente','C:\\Documentos\\UNSA\\CC\\informe\\'),('CM5400','Oficio Circular','oficio',796,'2019-10-09','2019-10-23',1,'pendiente','C:\\Documentos\\UNSA\\CC\\oficio\\'),('CM5488','Solicitud de Créditos','solicitud',290,'2020-07-08','2020-07-16',3,'pendiente','C:\\Documentos\\UNSA\\CC\\solicitud\\'),('CM5738','Resolución SUNEDU','resolución',87,'2019-10-31','2019-11-05',2,'anulado','C:\\Documentos\\UNSA\\CC\\resolución\\'),('CM6032','Constancia de Matricula','constancia',194,'2020-04-05','2020-04-13',2,'archivado','C:\\Documentos\\UNSA\\CC\\constancia\\'),('CM6104','Constancia de Retiro','constancia',604,'2019-12-18','2019-12-31',2,'pendiente','C:\\Documentos\\UNSA\\CC\\constancia\\'),('CM6129','Informe deAcreditación','informe',773,'2020-01-31','2020-02-14',1,'pendiente','C:\\Documentos\\UNSA\\CC\\informe\\'),('CM6261','Memorandum Institucional','memorandum',698,'2020-02-14','2020-02-21',2,'archivado','C:\\Documentos\\UNSA\\CC\\memorandum\\'),('CM6290','Constancia de Matricula','constancia',954,'2019-08-10','2019-08-19',3,'archivado','C:\\Documentos\\UNSA\\CC\\constancia\\'),('CM6410','Constancia de Matricula','constancia',652,'2020-01-10','2020-01-15',3,'pendiente','C:\\Documentos\\UNSA\\CC\\constancia\\'),('CM6419','Constancia de Matricula','constancia',458,'2019-12-13','2019-12-25',2,'pendiente','C:\\Documentos\\UNSA\\CC\\constancia\\'),('CM6444','Informe deAcreditación','informe',756,'2019-10-30','2019-11-10',3,'archivado','C:\\Documentos\\UNSA\\CC\\informe\\'),('CM6650','Solicitud de Créditos','solicitud',800,'2019-10-04','2019-10-19',2,'pendiente','C:\\Documentos\\UNSA\\CC\\solicitud\\'),('CM6661','Constancia de Matricula','constancia',882,'2020-07-07','2020-07-19',1,'anulado','C:\\Documentos\\UNSA\\CC\\constancia\\'),('CM6825','Solicitud de Créditos','solicitud',37,'2020-06-09','2020-06-18',3,'archivado','C:\\Documentos\\UNSA\\CC\\solicitud\\'),('CM6871','Solicitud de Créditos','solicitud',676,'2020-01-26','2020-01-31',3,'archivado','C:\\Documentos\\UNSA\\CC\\solicitud\\'),('CM6938','Memorandum Institucional','memorandum',92,'2020-05-14','2020-05-24',1,'archivado','C:\\Documentos\\UNSA\\CC\\memorandum\\'),('CM7060','Solicitud de Créditos','solicitud',293,'2020-02-07','2020-02-14',1,'archivado','C:\\Documentos\\UNSA\\CC\\solicitud\\'),('CM7062','Solicitud de Créditos','solicitud',761,'2020-06-03','2020-06-18',1,'archivado','C:\\Documentos\\UNSA\\CC\\solicitud\\'),('CM7073','Solicitud de Créditos','solicitud',546,'2019-12-11','2019-12-26',2,'archivado','C:\\Documentos\\UNSA\\CC\\solicitud\\'),('CM7226','Constancia de Retiro','constancia',89,'2020-02-29','2020-03-12',1,'anulado','C:\\Documentos\\UNSA\\CC\\constancia\\'),('CM7324','Constancia de Retiro','constancia',435,'2019-11-06','2019-11-15',2,'anulado','C:\\Documentos\\UNSA\\CC\\constancia\\'),('CM7342','Constancia de Matricula','constancia',752,'2019-12-04','2019-12-12',2,'pendiente','C:\\Documentos\\UNSA\\CC\\constancia\\'),('CM7474','Memorandum Institucional','memorandum',31,'2020-01-21','2020-02-04',1,'archivado','C:\\Documentos\\UNSA\\CC\\memorandum\\'),('CS1014','Constancia de Matricula','constancia',244,'2019-12-12','2019-12-20',2,'pendiente','C:\\Documentos\\UNSA\\CC\\constancia\\'),('CS1087','Constancia de Matricula','constancia',865,'2019-11-24','2019-12-03',2,'pendiente','C:\\Documentos\\UNSA\\CC\\constancia\\'),('CS1180','Constancia de Matricula','constancia',849,'2019-12-16','2019-12-22',3,'archivado','C:\\Documentos\\UNSA\\CC\\constancia\\'),('CS1403','Constancia de Matricula','constancia',126,'2019-12-02','2019-12-10',2,'archivado','C:\\Documentos\\UNSA\\CC\\constancia\\'),('CS1507','Memorandum Institucional','memorandum',532,'2019-07-22','2019-08-02',3,'archivado','C:\\Documentos\\UNSA\\CC\\memorandum\\'),('CS1528','Solicitud de Créditos','solicitud',59,'2020-06-15','2020-06-26',1,'anulado','C:\\Documentos\\UNSA\\CC\\solicitud\\'),('CS1622','Constancia de Retiro','constancia',337,'2020-04-13','2020-04-26',1,'pendiente','C:\\Documentos\\UNSA\\CC\\constancia\\'),('CS1630','Constancia de Retiro','constancia',817,'2019-09-21','2019-10-06',2,'pendiente','C:\\Documentos\\UNSA\\CC\\constancia\\'),('CS1639','Constancia de Matricula','constancia',53,'2019-12-19','2019-12-31',2,'anulado','C:\\Documentos\\UNSA\\CC\\constancia\\'),('CS1692','Oficio Circular','oficio',129,'2020-05-20','2020-05-26',1,'archivado','C:\\Documentos\\UNSA\\CC\\oficio\\'),('CS1763','Constancia de Matricula','constancia',146,'2019-08-25','2019-09-01',3,'archivado','C:\\Documentos\\UNSA\\CC\\constancia\\'),('CS1826','Memorandum Institucional','memorandum',873,'2019-12-06','2019-12-19',3,'archivado','C:\\Documentos\\UNSA\\CC\\memorandum\\'),('CS1839','Solicitud de Créditos','solicitud',916,'2020-03-08','2020-03-18',3,'archivado','C:\\Documentos\\UNSA\\CC\\solicitud\\'),('CS1921','Carta Notarial','carta',62,'2020-01-15','2020-01-24',3,'archivado','C:\\Documentos\\UNSA\\CC\\carta\\'),('CS1967','Correo Importante','correo',792,'2020-01-30','2020-02-07',3,'pendiente','C:\\Documentos\\UNSA\\CC\\correo\\'),('CS2224','Correo Importante','correo',643,'2019-11-20','2019-11-29',3,'archivado','C:\\Documentos\\UNSA\\CC\\correo\\'),('CS2368','Constancia de Matricula','constancia',642,'2019-09-15','2019-09-20',3,'archivado','C:\\Documentos\\UNSA\\CC\\constancia\\'),('CS2462','Solicitud de Créditos','solicitud',967,'2020-01-16','2020-01-29',1,'pendiente','C:\\Documentos\\UNSA\\CC\\solicitud\\'),('UNSA2891','Correo Importante','correo',810,'2020-01-22','2020-02-01',3,'archivado','C:\\Documentos\\UNSA\\CC\\correo\\'),('UNSA3141','Constancia de Matricula','constancia',278,'2020-05-21','2020-05-26',2,'pendiente','C:\\Documentos\\UNSA\\CC\\constancia\\'),('UNSA3238','Constancia de Matricula','constancia',175,'2020-06-10','2020-06-18',3,'archivado','C:\\Documentos\\UNSA\\CC\\constancia\\'),('UNSA3240','Constancia de Matricula','constancia',211,'2020-02-01','2020-02-14',2,'archivado','C:\\Documentos\\UNSA\\CC\\constancia\\'),('UNSA3275','Constancia de Matricula','constancia',90,'2020-02-21','2020-03-04',1,'anulado','C:\\Documentos\\UNSA\\CC\\constancia\\'),('UNSA3404','Solicitud de Créditos','solicitud',586,'2020-01-11','2020-01-25',2,'archivado','C:\\Documentos\\UNSA\\CC\\solicitud\\'),('UNSA3647','Solicitud de Créditos','solicitud',894,'2020-04-02','2020-04-10',1,'archivado','C:\\Documentos\\UNSA\\CC\\solicitud\\'),('UNSA3660','Informe deAcreditación','informe',985,'2020-04-02','2020-04-09',3,'archivado','C:\\Documentos\\UNSA\\CC\\informe\\'),('UNSA3744','Resolución SUNEDU','resolución',738,'2020-01-23','2020-02-05',3,'pendiente','C:\\Documentos\\UNSA\\CC\\resolución\\'),('UNSA3935','Constancia de Retiro','constancia',3,'2019-10-20','2019-10-28',1,'archivado','C:\\Documentos\\UNSA\\CC\\constancia\\'),('UNSA3947','Constancia de Matricula','constancia',354,'2019-08-29','2019-09-09',2,'archivado','C:\\Documentos\\UNSA\\CC\\constancia\\'),('UNSA4004','Constancia de Matricula','constancia',876,'2020-02-06','2020-02-21',2,'archivado','C:\\Documentos\\UNSA\\CC\\constancia\\'),('UNSA4021','Constancia de Matricula','constancia',277,'2020-02-14','2020-02-21',2,'archivado','C:\\Documentos\\UNSA\\CC\\constancia\\'),('UNSA4071','Constancia de Matricula','constancia',230,'2019-10-04','2019-10-10',2,'archivado','C:\\Documentos\\UNSA\\CC\\constancia\\'),('UNSA4313','Constancia de Matricula','constancia',38,'2020-02-25','2020-03-01',2,'pendiente','C:\\Documentos\\UNSA\\CC\\constancia\\'),('UNSA4319','Memorandum Institucional','memorandum',221,'2020-02-01','2020-02-08',3,'pendiente','C:\\Documentos\\UNSA\\CC\\memorandum\\'),('UNSA4450','Solicitud de Créditos','solicitud',24,'2019-11-30','2019-12-06',1,'anulado','C:\\Documentos\\UNSA\\CC\\solicitud\\'),('UNSA4461','Constancia de Matricula','constancia',302,'2019-10-21','2019-10-26',2,'pendiente','C:\\Documentos\\UNSA\\CC\\constancia\\'),('UNSA4568','Constancia de Matricula','constancia',130,'2020-06-27','2020-07-03',2,'pendiente','C:\\Documentos\\UNSA\\CC\\constancia\\'),('UNSA4607','Correo Importante','correo',372,'2020-07-03','2020-07-18',1,'archivado','C:\\Documentos\\UNSA\\CC\\correo\\'),('UNSA4727','Resolución SUNEDU','resolución',193,'2019-07-31','2019-08-10',2,'archivado','C:\\Documentos\\UNSA\\CC\\resolución\\'),('UNSA4985','Memorandum Institucional','memorandum',197,'2020-03-14','2020-03-21',3,'archivado','C:\\Documentos\\UNSA\\CC\\memorandum\\');
/*!40000 ALTER TABLE `documentos` ENABLE KEYS */;
UNLOCK TABLES;
/*!40103 SET TIME_ZONE=@OLD_TIME_ZONE */;

/*!40101 SET SQL_MODE=@OLD_SQL_MODE */;
/*!40014 SET FOREIGN_KEY_CHECKS=@OLD_FOREIGN_KEY_CHECKS */;
/*!40014 SET UNIQUE_CHECKS=@OLD_UNIQUE_CHECKS */;
/*!40101 SET CHARACTER_SET_CLIENT=@OLD_CHARACTER_SET_CLIENT */;
/*!40101 SET CHARACTER_SET_RESULTS=@OLD_CHARACTER_SET_RESULTS */;
/*!40101 SET COLLATION_CONNECTION=@OLD_COLLATION_CONNECTION */;
/*!40111 SET SQL_NOTES=@OLD_SQL_NOTES */;

-- Dump completed on 2020-07-19 12:16:30
